symbol,ranking by market cap,name,market cap,price,circulating supply,volume,% 1h,% 24h,% 1wk
XBY,221,XtraBYtes,"$5,857,189 ",$0.009011,"650,000,000",*,"$12,802",9.48%,-2.93%
CPN,700,CompuCoin,"$54,456 ",$0.002776,"19,615,019",Low Vol,1.73%,-9.98%,9.88%
CHEAP,925,Cheapcoin,? ,$0.000079,?,*,Low Vol,1.72%,-6.98%
BLAS,392,BlakeStar,"$663,457 ",$0.002715,"244,325,760","$52,410",22.69%,-48.23%,437.27%
CPC,377,Capricoin,"$787,298 ",$0.395618,"1,990,045",*,"$24,522",5.39%,-8.82%
EOS,16,EOS,"$466,866,486 ",$1.64,"285,232,978",*,"$63,766,100",-0.36%,3.85%
SIB,126,SIBCoin,"$19,110,742 ",$1.26,"15,223,922","$112,173",8.03%,6.74%,13.55%
JWL,704,Jewels,"$53,628 ",$0.002657,"20,181,636",*,Low Vol,3.10%,-5.57%
XDE2,1025,XDE II,? ,$2.41,?,*,Low Vol,1.72%,11.24%
DLISK,787,DAPPSTER,"$16,294 ",$0.000163,"100,000,000",*,Low Vol,?,-4.47%
MONETA,965,Moneta,? ,$0.000278,?,Low Vol,1.72%,-6.98%,1.73%
ACES,939,Aces,? ,$0.000128,?,*,Low Vol,-23.50%,58.27%
UNIFY,440,Unify,"$259,291 ",$0.015620,"16,599,752","$7,596",-15.73%,-13.29%,-48.05%
GAIA,558,GAIA,"$390,953 ",$0.016221,"24,101,381",*,Low Vol,1.72%,-7.20%
XBC,198,Bitcoin Plus,"$7,960,563 ",$80.01,"99,495",*,"$243,099",1.27%,-4.03%
XBB,211,Boolberry,"$6,393,510 ",$0.670708,"9,532,480","$359,792",0.60%,25.92%,70.66%
MAVRO,1003,Mavro,? ,$0.007655,?,Low Vol,1.72%,-5.23%,39.37%
LTH,1024,LAthaan,? ,$0.000357,?,Low Vol,1.72%,-5.22%,34.30%
MONA,124,MonaCoin,"$19,385,930 ",$0.364081,"53,246,200","$75,591",1.74%,-1.42%,-11.79%
SPR,170,SpreadCoin,"$11,084,809 ",$1.29,"8,568,167","$78,387",3.42%,-3.59%,5.28%
BLITZ,238,Blitzcash,"$4,918,766 ",$1.21,"4,080,846",*,"$102,643",5.16%,-12.95%
OPES,1015,Opescoin,? ,$0.001071,?,Low Vol,-21.52%,-40.21%,-2.66%
TAG,299,TagCoin,"$2,266,937 ",$0.400998,"5,653,239","$60,495",-1.20%,-4.16%,-9.03%
LDOGE,359,LiteDoge,"$1,170,990 ",$0.000079,"14,823,372,501",*,"$3,014",-0.35%,-0.47%
TAJ,723,TajCoin,"$40,561 ",$0.005987,"6,774,429",Low Vol,4.77%,-18.44%,-48.79%
SNAKE,990,SnakeEyes,? ,$0.032771,?,*,Low Vol,-3.58%,24.25%
XPM,207,Primecoin,"$6,645,286 ",$0.328105,"20,253,536","$419,763",-0.14%,-4.82%,-13.63%
GP,852,Goldpay Coin,? ,$0.004655,?,*,"$57,455",-0.34%,-4.93%
BTCS,652,Bitcoin Scrypt,"$89,804 ",$0.005522,"16,261,500",Low Vol,1.70%,-28.05%,-2.93%
IXC,323,Ixcoin,"$1,770,290 ",$0.084303,"20,999,088",*,"$1,578",2.07%,-7.84%
MTLMC3,749,Metal Music Coin,"$28,754 ",$0.000361,"79,719,140",Low Vol,8.10%,-13.67%,-13.48%
MINEX,859,Minex,? ,$0.760061,?,*,"$34,691",3.32%,-2.37%
CCRB,298,CryptoCarbon,"$2,276,064 ",$0.638965,"3,562,111",*,"$58,499",1.71%,-9.75%
NOBL,548,NobleCoin,"$457,069 ",$0.000199,"2,299,322,621",Low Vol,1.76%,-7.77%,6.46%
PRIMU,894,Primulon,? ,$0.000189,?,"$1,297",21.97%,-11.27%,-38.38%
XPY,569,PayCoin,"$279,188 ",$0.023792,"11,734,789",**,Low Vol,1.73%,7.94%
FEDS,835,FedoraShare,? ,$0.000022,?,*,"$13,653,200",0.00%,-4.37%
MIOTA,5,IOTA,"$2,317,980,941 ",$0.833947,"2,779,530,283",*,"$80,604,700",0.85%,-5.88%
FIMK,373,FIMKrypto,"$915,377 ",$0.001586,"577,004,618",*,"$1,417",6.38%,-22.05%
BYC,390,Bytecent,"$701,433 ",$0.405808,"1,728,484","$79,037",2.28%,-12.21%,-2.00%
IXT,189,InsureX,"$8,740,306 ",$0.244287,"35,778,844",*,"$251,895",3.57%,-19.00%
BTCD,66,BitcoinDark,"$72,746,862 ",$56.44,"1,288,862","$75,040",4.74%,-6.12%,24.71%
JNS,278,Janus,"$2,780,980 ",$0.131805,"21,099,198",*,"$2,828",1.20%,-49.82%
UNITS,591,GameUnits,"$199,629 ",$0.057480,"3,472,983",*,Low Vol,1.72%,40.20%
MAR,499,Marijuanacoin,"$41,733 ",$0.038020,"1,097,638",$631,-46.54%,-28.64%,-37.61%
SNC,234,SunContract,"$4,971,009 ",$0.050639,"98,166,002",*,"$488,667",-3.74%,64.77%
SNGLS,58,SingularDTV,"$92,721,000 ",$0.154535,"600,000,000",*,"$856,226",-0.36%,-12.02%
MAX,257,MaxCoin,"$3,758,191 ",$0.062743,"59,897,789","$246,279",-2.28%,-4.12%,-16.70%
SNM,114,SONM,"$23,252,360 ",$0.070172,"331,360,000",*,"$376,910",-10.60%,-8.18%
SDP,810,SydPak,"$8,155 ",$0.051281,"159,017",*,Low Vol,1.72%,-6.92%
TP1,1036,KolschCoin,? ,$0.039581,?,Low Vol,1.72%,-7.14%,28.20%
SNT,30,Status,"$209,502,001 ",$0.060367,"3,470,483,788",*,"$19,815,900",0.33%,0.95%
WGO,386,WavesGo,"$727,677 ",$0.072790,"9,996,949",*,$602,-10.27%,-11.23%
MAD,664,SatoshiMadness,"$79,349 ",$0.000040,"2,000,683,485",*,Low Vol,1.56%,-6.98%
LAZ,1004,Lazaruscoin,? ,$0.001269,?,*,Low Vol,1.56%,-3.98%
AXF,849,AxFunds,? ,$0.071082,?,"$76,859",0.97%,-4.73%,-11.63%
FEI,856,Fuda Energy,? ,$0.020508,?,"$36,615",0.00%,4.43%,-1.48%
FFC,946,FireFlyCoin,? ,$0.000120,?,Low Vol,1.73%,40.98%,16.55%
MAO,486,Mao Zedong,"$90,396 ",$0.017371,"5,203,745",$931,0.13%,-11.47%,?
GAIN,1032,UGAIN,? ,$0.000674,?,Low Vol,1.56%,24.85%,?
GUC,953,GoldUnionCoin,? ,$0.912156,?,*,Low Vol,1.56%,-62.54%
MGM,808,Magnum,"$8,177 ",$0.002181,"3,748,685",Low Vol,2.04%,?,?
SHDW,398,Shadow Token,"$546,830 ",$0.078118,"7,000,000",*,"$1,269",-0.38%,-9.24%
EVO,681,Evotion,"$65,614 ",$0.026573,"2,469,220",Low Vol,1.56%,15.47%,-1.89%
DTB,130,Databits,"$18,690,851 ",$0.821655,"22,747,809",*,"$155,014",-1.08%,-3.28%
CME,963,Cashme,? ,$0.000040,?,**,Low Vol,1.73%,-53.49%
TSE,434,Tattoocoin (S...,"$292,000 ",$0.003229,"90,421,856",*,"$1,011",1.72%,0.39%
GUN,653,Guncoin,"$89,373 ",$0.000474,"188,352,478",Low Vol,1.69%,-1.80%,-4.80%
TIC,1042,True Investme...,? ,$0.002937,?,*,Low Vol,?,?
GUP,152,Matchpool,"$13,925,400 ",$0.185672,"75,000,000",*,"$414,875",1.65%,-1.35%
PCN,927,PeepCoin,? ,$0.000024,?,*,Low Vol,85.04%,1649.65%
TYCHO,877,Tychocoin,? ,$0.097288,?,"$6,032",-8.18%,-14.25%,-9.90%
NYC,524,NewYorkCoin,"$1,246,988 ",$0.000021,"59,719,935,819",Low Vol,-2.00%,315.35%,349.82%
CARBON,526,Carboncoin,"$1,220,913 ",$0.000079,"15,391,980,251",Low Vol,103.12%,86.05%,-8.56%
UNC,980,UNCoin,? ,$0.000040,?,*,Low Vol,1.73%,-6.98%
YBC,139,YbCoin,"$16,410,448 ",$5.43,"3,020,474",*,"$244,717",0.91%,-2.80%
XBG,1002,BTCGold,? ,$0.002618,?,Low Vol,1.73%,-7.24%,-45.19%
BET,952,BetaCoin,? ,$0.007932,?,Low Vol,1.56%,126.51%,?
CMP,260,Compcoin,"$3,722,954 ",$0.970944,"3,834,365","$29,317",-7.19%,-31.72%,-46.69%
IMX,782,Impact,"$17,842 ",$0.000163,"109,459,725",Low Vol,?,-4.42%,1.15%
HUC,335,HunterCoin,"$1,547,950 ",$0.082772,"18,701,390","$27,479",2.57%,-3.38%,-13.50%
PEPE,316,PepeCoin,"$1,877,455 ",$0.132829,"14,134,373","$39,031",1.59%,1.82%,19.19%
LSK,25,Lisk,"$240,980,735 ",$2.17,"110,955,925",*,"$6,463,550",-0.03%,1.38%
POKE,1014,PokeCoin,? ,$0.000119,?,Low Vol,1.73%,-6.99%,56.45%
XBTS,778,Beatcoin,"$19,169 ",$0.012572,"1,524,686",Low Vol,1.72%,-6.98%,-2.00%
TTC,461,TittieCoin,"$149,943 ",$0.000119,"1,259,816,434",$869,1.30%,-27.28%,15.97%
SPORT,915,SportsCoin,? ,$0.002340,?,*,Low Vol,12.88%,-7.85%
VLT,477,Veltor,"$111,416 ",$0.200802,"554,855",$987,1.72%,-41.13%,-31.22%
BUMBA,714,BumbaCoin,"$46,683 ",$0.002107,"22,154,766",Low Vol,-24.64%,-16.14%,-52.20%
GRT,668,Grantcoin,"$75,073 ",$0.001785,"42,064,016",*,Low Vol,1.72%,-17.93%
GRS,199,Groestlcoin,"$7,623,908 ",$0.111834,"68,171,649","$238,952",5.02%,1.30%,-8.19%
BLZ,790,BlazeCoin,"$15,236 ",$0.000025,"608,557,394",Low Vol,-0.72%,-12.59%,-33.06%
BLU,541,BlueCoin,"$593,890 ",$0.001033,"574,683,675",Low Vol,4.83%,-18.02%,14.27%
PEPECASH,190,Pepe Cash,"$8,700,624 ",$0.012396,"701,884,009",*,"$14,158",0.23%,-17.11%
1337,282,1337,"$2,623,624 ",$0.000113,"23,271,460,608",*,"$19,697",54.68%,25.90%
MARS,663,Marscoin,"$79,631 ",$0.002816,"28,279,074",Low Vol,1.72%,-18.31%,27.81%
DOLLAR,752,Dollar Online,"$28,102 ",$0.037281,"753,776",Low Vol,1.56%,8.96%,8.93%
FLAX,672,Flaxscript,"$72,686 ",$0.013088,"5,553,637",Low Vol,1.72%,-24.25%,-4.59%
RUSTBITS,402,Rustbits,"$504,218 ",$0.017208,"29,300,866",*,"$1,873",0.44%,-20.46%
GBRC,993,Global Busine...,? ,$0.000079,?,Low Vol,1.72%,-6.99%,16.26%
SC,29,Siacoin,"$218,339,410 ",$0.007631,"28,612,499,720","$20,546,200",-5.10%,16.75%,-18.10%
FTC,184,Feathercoin,"$9,016,632 ",$0.052424,"171,994,680","$1,021,000",-0.57%,-5.55%,-3.00%
GRE,318,Greencoin,"$1,864,637 ",$0.000570,"3,270,976,641",*,"$3,174",0.84%,-66.52%
GRC,165,GridCoin,"$11,614,146 ",$0.029756,"390,312,753","$231,787",-0.24%,1.11%,-18.47%
BLK,132,BlackCoin,"$17,398,159 ",$0.227986,"76,312,400",*,"$769,090",1.49%,-2.33%
WGR,127,Wagerr,"$19,036,026 ",$0.104022,"183,000,000",*,"$107,504",7.56%,2.23%
SPRTS,255,Sprouts,"$3,881,779 ",$0.000010,"380,082,198,544",*,$893,8.09%,23.18%
BLC,619,Blakecoin,"$133,138 ",$0.008804,"15,122,697",Low Vol,1.73%,-25.38%,-21.76%
DCRE,1023,DeltaCredits,? ,$0.093956,?,*,Low Vol,1.73%,-6.99%
MG,869,Mind Gene,? ,$0.009915,?,"$11,330",1.73%,-10.48%,-10.18%
XCXT,418,CoinonatX,"$381,819 ",$0.035377,"10,792,769","$4,563",12.16%,-34.40%,?
CBD,1018,CBD Crystals,? ,$0.001428,?,*,Low Vol,1.72%,-9.23%
SHA,964,SHACoin,? ,$0.000793,?,Low Vol,1.73%,-6.99%,-22.35%
MARX,904,MarxCoin,? ,$0.001227,?,$759,1.70%,-32.12%,-44.66%
MXT,523,MarteXcoin,"$1,303,781 ",$0.475889,"2,739,675",Low Vol,1.56%,-25.59%,134.45%
MI,481,Xiaomicoin,"$102,721 ",$0.000253,"406,141,855",*,"$1,140",0.00%,-8.51%
RADS,125,Radium,"$19,257,970 ",$5.79,"3,323,772",*,"$1,016,350",1.73%,-14.44%
KASHH,989,KashhCoin,? ,$0.000069,?,*,Low Vol,9.43%,-37.85%
RUPX,478,Rupaya,"$110,008 ",$0.020739,"5,304,329","$7,204",-7.43%,-14.64%,?
EMC2,177,Einsteinium,"$10,050,739 ",$0.047144,"213,194,136","$1,433,580",-7.29%,-10.96%,-31.29%
CBX,353,Crypto Bullion,"$1,227,387 ",$1.23,"999,680",$717,7.78%,0.14%,13.09%
HLB,842,Lepaoquan,? ,$0.020661,?,*,"$561,878",0.25%,-2.36%
GB,581,GoldBlocks,"$232,949 ",$0.015506,"15,023,537",Low Vol,0.89%,2.45%,39.98%
LKC,1009,LinkedCoin,? ,$0.000238,?,Low Vol,1.72%,11.61%,58.88%
DON,932,Donationcoin,? ,$0.000792,?,**,Low Vol,1.56%,-15.18%
CTR,305,Centra,"$2,097,930 ",$0.639174,"3,282,252",*,"$10,808",1.17%,20.27%
FJC,399,FujiCoin,"$520,805 ",$0.000493,"1,056,228,191","$2,340",0.73%,-28.32%,-37.74%
CRYPT,556,CryptCoin,"$402,819 ",$0.066590,"6,049,216",Low Vol,1.73%,-26.54%,-31.14%
REP,27,Augur,"$228,583,300 ",$20.78,"11,000,000",*,"$2,965,270",0.79%,4.23%
GLC,536,GlobalCoin,"$646,182 ",$0.009915,"65,171,010",Low Vol,1.72%,-15.68%,-43.25%
GLD,250,GoldCoin,"$4,142,859 ",$0.102473,"40,428,784","$19,502",-0.16%,-12.07%,8.68%
FUCK,342,FuckToken,"$1,447,665 ",$0.033516,"43,193,633",*,"$1,705",1.71%,5.44%
SUMO,417,Sumokoin,"$382,746 ",$0.329461,"1,161,735","$4,509",1.56%,1.81%,-6.71%
CTO,722,Crypto,"$40,739 ",$0.003768,"10,812,510",Low Vol,1.56%,-5.01%,27.54%
GLT,491,GlobalToken,"$70,318 ",$0.003105,"22,648,800","$1,596",3.37%,3.57%,-32.91%
DOT,325,Dotcoin,"$1,719,963 ",$0.007092,"242,532,500",*,"$9,127",1.01%,-2.74%
REE,593,ReeCoin,"$196,695 ",$0.015904,"12,367,704",Low Vol,22.49%,-18.56%,-20.81%
CLAM,136,Clams,"$16,988,468 ",$6.61,"2,568,884",*,"$1,403,170",2.86%,-1.83%
FCT,41,Factom,"$156,925,608 ",$17.94,"8,745,102",*,"$3,852,080",0.26%,6.02%
CONX,792,Concoin,"$13,933 ",$0.018720,"744,266",Low Vol,1.72%,-3.22%,-4.55%
LTBC,596,LTBcoin,"$185,906 ",$0.000376,"493,863,915",*,Low Vol,0.44%,?
QTUM,11,Qtum,"$829,492,800 ",$14.06,"59,000,000",*,"$63,364,600",0.40%,-3.94%
FUZZ,753,FuzzBalls,"$27,968 ",$0.005790,"4,829,945",Low Vol,22.74%,-2.99%,-5.39%
BITEUR,470,bitEUR,"$125,586 ",$1.20,"104,414",*,"$3,023",-0.25%,1.83%
BSD,237,BitSend,"$4,929,944 ",$0.306049,"16,108,350","$51,142",2.11%,-12.04%,-1.21%
FCN,393,Fantomcoin,"$612,469 ",$0.099152,"6,177,092","$2,361",4.35%,4.91%,22.16%
BSC,783,BowsCoin,"$17,610 ",$0.003173,"5,550,102",Low Vol,1.56%,-26.32%,17.73%
BTU,853,Bitcoin Unlim...,? ,$560.05,?,"$42,216",-3.96%,-4.70%,107.41%
FC2,579,FuelCoin,"$237,540 ",$0.002340,"101,513,757",**,Low Vol,8.95%,-18.58%
RICHX,942,RichCoin,? ,$0.006068,?,Low Vol,1.56%,-6.98%,12.97%
JET,403,JetCoin,"$503,838 ",$0.295816,"1,703,215",*,$736,1.75%,0.09%
ZMC,767,ZetaMicron,"$23,810 ",$0.000040,"600,344,291",*,Low Vol,1.72%,-6.99%
AUM,695,Alexium,"$56,350 ",$0.002776,"20,297,336",*,Low Vol,1.73%,-5.64%
LTC,6,Litecoin,"$2,280,184,900 ",$43.46,"52,468,582","$199,933,000",-0.18%,-4.97%,-6.09%
LTB,598,LiteBar,"$182,366 ",$0.257347,"708,639",Low Vol,24.32%,18.07%,24.63%
UNITY,116,SuperNET,"$22,531,193 ",$27.61,"816,061",*,"$3,235",-0.22%,-0.52%
AUR,225,Auroracoin,"$5,616,803 ",$0.648731,"8,658,139",**,"$13,503",2.49%,-2.55%
XTC,365,TileCoin,"$1,092,580 ",$0.010926,"100,000,000",*,"$63,727",-1.23%,-13.36%
SPACE,670,SpaceCoin,"$74,421 ",$0.003932,"18,925,329",Low Vol,3.57%,-8.93%,6.43%
1ST,70,FirstBlood,"$64,158,511 ",$0.749880,"85,558,371",*,"$4,800,090",-1.14%,6.33%
XTO,534,Tao,"$728,998 ",$0.023955,"30,431,864",Low Vol,1.56%,-25.30%,-47.00%
WEC,972,Wowecoin,? ,$0.102000,?,*,Low Vol,0.00%,0.00%
CAT,868,BlockCAT,? ,$0.995642,?,*,"$13,421",-0.67%,0.21%
611,710,SixEleven,"$49,348 ",$0.117507,"419,956",Low Vol,1.55%,-9.00%,-16.49%
ALL,687,Allion,"$58,725 ",$0.009473,"6,199,359",Low Vol,25.63%,19.29%,-4.58%
EDG,71,Edgeless,"$63,977,890 ",$0.779778,"82,046,288",*,"$5,002,570",2.11%,15.21%
CTIC2,511,Coimatic 2.0,"$21,110 ",$0.004394,"4,804,750","$1,054",1.46%,-20.37%,-32.80%
RLC,79,iExec RLC,"$48,669,734 ",$0.615521,"79,070,793",*,"$470,783",1.32%,-6.52%
EDR,158,E-Dinar Coin,"$12,551,332 ",$0.014163,"886,211,988","$228,674",-0.05%,4.74%,1.63%
SH,795,Shilling,"$13,732 ",$0.003453,"3,976,850",*,Low Vol,1.46%,6.00%
SBD,271,Steem Dollars,"$3,091,673 ",$0.882556,"3,503,090",*,"$108,539",-0.69%,4.32%
WAVES,17,Waves,"$461,080,000 ",$4.61,"100,000,000",*,"$4,686,660",-5.84%,-2.13%
PUT,251,PutinCoin,"$4,081,285 ",$0.020349,"200,566,364","$9,903",1.60%,-15.25%,10.32%
RLT,389,RouletteToken,"$702,177 ",$0.069573,"10,092,596",*,"$10,782",21.78%,17.23%
ALT,368,Altcoin,"$1,010,321 ",$8.27,"122,175",*,"$2,256",0.61%,11.40%
LMC,150,LoMoCoin,"$14,145,593 ",$0.066363,"213,156,098",*,"$4,808,030",6.19%,6.74%
ORB,532,Orbitcoin,"$853,247 ",$0.283510,"3,009,584",Low Vol,0.78%,-5.79%,-13.20%
VPRC,804,VapersCoin,"$10,447 ",$0.000013,"780,124,964",Low Vol,-0.16%,-68.59%,-50.96%
BAC,959,BitAlphaCoin,? ,$0.002657,?,Low Vol,1.72%,-10.76%,?
I0C,543,I0Coin,"$564,127 ",$0.026889,"20,980,163",Low Vol,1.79%,-14.03%,-37.32%
BAT,950,BatCoin,? ,$8.7e-07,?,Low Vol,-0.14%,-9.66%,-36.43%
FUTC,1008,FutCoin,? ,$0.001229,?,Low Vol,1.56%,-6.99%,-13.85%
BAS,459,BitAsean,"$154,399 ",$0.030880,"5,000,000",*,"$3,158",11.92%,-21.54%
OMNI,149,Omni,"$14,221,736 ",$25.42,"559,532",*,"$293,847",1.92%,1.75%
TOR,697,Torcoin,"$56,211 ",$0.177781,"316,179",Low Vol,9.29%,7.60%,-53.37%
MGO,65,MobileGo,"$75,795,445 ",$0.773195,"98,028,887",*,"$570,326",0.22%,-6.78%
XHI,432,HiCoin,"$294,892 ",$0.001554,"189,729,990","$64,437",0.31%,-0.51%,-17.87%
CAP,592,Bottlecaps,"$197,925 ",$0.001196,"165,471,190",Low Vol,1.66%,-6.84%,8.79%
ERY,495,Eryllium,"$57,132 ",$0.012147,"4,703,291",$786,-0.93%,-14.71%,-39.36%
BAY,129,BitBay,"$18,731,210 ",$0.018589,"1,007,666,494",*,"$76,811",-3.94%,-3.70%
OS76,781,OsmiumCoin,"$17,871 ",$0.019989,"894,026",Low Vol,1.72%,-6.80%,16.39%
ERC,327,EuropeCoin,"$1,651,608 ",$0.167011,"9,889,218","$33,969",-0.17%,-15.91%,-17.46%
AXIOM,997,Axiom,? ,$0.007734,?,Low Vol,1.72%,-8.86%,15.08%
CAB,755,Cabbage,"$27,485 ",$0.002618,"10,499,996",*,Low Vol,1.72%,-6.98%
STEX,910,STEX,? ,$0.223560,?,*,$563,0.04%,-0.52%
TOA,182,ToaCoin,"$9,393,936 ",$0.005576,"1,684,578,902","$94,725",8.88%,-3.49%,-1.49%
VAL,611,Valorbit,"$139,199 ",$0.000040,"3,509,735,142",Low Vol,1.73%,-6.99%,16.27%
ELE,631,Elementrem,"$116,023 ",$0.004561,"25,438,173",Low Vol,1.56%,-6.37%,35.44%
DASHS,940,Dashs,? ,$0.021456,?,Low Vol,1.72%,-5.40%,49.75%
AGLC,716,AgrolifeCoin,"$45,570 ",$0.007932,"5,745,027",*,Low Vol,1.56%,-6.51%
BTG,971,Bitgem,? ,$0.955902,?,Low Vol,1.73%,-8.21%,-28.72%
GNO,36,Gnosis,"$188,071,912 ",$170.26,"1,104,590",*,"$1,301,800",2.95%,-7.32%
BOST,628,BoostCoin,"$118,960 ",$0.010034,"11,855,487",Low Vol,1.73%,?,-55.38%
DYN,266,Dynamic,"$3,372,250 ",$1.91,"1,766,955",*,"$149,223",4.99%,-4.98%
TODAY,974,TodayCoin,? ,$0.002142,?,Low Vol,12.10%,1.72%,8.97%
BTCR,642,Bitcurrency,"$100,872 ",$0.000595,"169,598,616",*,Low Vol,2.76%,-17.82%
PTOY,121,Patientory,"$20,319,670 ",$0.290281,"70,000,000",*,"$907,633",-4.21%,5.10%
AIB,947,Advanced Inte...,? ,$0.005832,?,**,Low Vol,4.18%,-0.11%
DIBC,490,DIBCOIN,"$72,376 ",$0.014475,"5,000,000",*,$768,-2.46%,-3.63%
XOT,891,Internet of T...,? ,$1189.82,?,*,"$1,595",1.72%,-6.98%
ABC,889,Alphabit,? ,$9.51,?,*,"$2,151",1.09%,-36.60%
WCT,173,Waves Communi...,"$10,303,051 ",$1.29,"7,998,270",*,"$62,964",-3.16%,-6.36%
BTB,423,BitBar,"$341,916 ",$10.13,"33,759","$1,803",-9.79%,-9.63%,-26.86%
RAIN,288,Condensate,"$2,421,053 ",$0.045866,"52,785,464","$63,020",3.24%,-0.36%,109.57%
KNC,763,KingN Coin,"$25,712 ",$12.82,"2,005",*,Low Vol,46.09%,0.53%
NEOS,172,NeosCoin,"$10,950,857 ",$3.18,"3,446,494","$578,373",3.93%,17.81%,-17.60%
HEAT,204,HEAT,"$7,001,760 ",$0.249516,"28,061,368",*,"$8,992",2.14%,-21.12%
SCORE,471,Scorecoin,"$124,107 ",$0.004544,"27,312,125","$1,487",11.31%,-11.57%,-2.18%
ZRC,275,ZrCoin,"$2,919,520 ",$1.08,"2,706,266",*,"$47,655",0.36%,-10.73%
XOC,769,Xonecoin,"$22,671 ",$0.053978,"420,000",*,Low Vol,1.56%,-6.99%
CREA,360,Creativecoin,"$1,166,947 ",$0.109506,"10,656,462","$2,185",-26.66%,-39.16%,-14.68%
FXE,447,FuturXe,"$227,822 ",$0.967721,"235,421",*,"$15,282",1.72%,-15.85%
ABY,212,ArtByte,"$6,301,468 ",$0.007953,"792,334,450",**,"$1,327,940",3.28%,14.49%
EXCL,281,ExclusiveCoin,"$2,635,020 ",$0.628472,"4,192,741","$17,256",5.16%,-7.66%,-10.71%
XPD,705,PetroDollar,"$52,496 ",$0.000820,"63,993,275",Low Vol,2.20%,-40.94%,-37.64%
STX,80,Stox,"$47,456,496 ",$1.60,"29,600,000",*,"$1,626,880",-0.69%,-15.22%
CACH,431,CacheCoin,"$294,894 ",$0.070294,"4,195,132","$5,700",-2.94%,-7.19%,464.75%
SMART,245,SmartCash,"$4,653,627 ",$0.019719,"235,994,700",*,"$6,513",5.14%,-29.32%
ATX,739,Artex Coin,"$34,987 ",$0.001864,"18,769,595",Low Vol,19.33%,-20.51%,-39.92%
CFI,73,Cofound.it,"$53,985,750 ",$0.166110,"325,000,000",*,"$709,364",4.03%,2.57%
JINN,169,Jinn,"$11,155,096 ",$190.03,"58,703",*,"$2,090",-0.04%,35.34%
XCT,601,C-Bit,"$167,770 ",$0.001153,"145,504,500",Low Vol,8.34%,-16.67%,34.85%
IVZ,970,InvisibleCoin,? ,$0.397123,?,*,Low Vol,1.72%,-11.63%
GOLF,937,Golfcoin,? ,$0.000040,?,Low Vol,1.56%,-7.38%,?
CFT,415,CryptoForecast,"$390,420 ",$0.008487,"46,000,000",*,"$2,218",5.67%,-45.15%
CALC,833,CaliphCoin,$98 ,$0.001124,"87,140",Low Vol,1.73%,13.84%,-63.45%
PND,367,Pandacoin,"$1,078,536 ",$0.000033,"32,514,916,898",$667,-0.79%,-2.69%,-5.74%
XAU,1033,Xaucoin,? ,$0.018998,?,Low Vol,1.56%,-27.08%,16.56%
PIGGY,430,Piggycoin,"$297,086 ",$0.000613,"484,425,516","$1,324",-3.24%,-26.09%,-18.34%
SOJ,501,Soujourn,"$38,577 ",$0.091259,"422,714","$5,001",12.58%,-30.63%,?
ZNE,799,Zonecoin,"$13,108 ",$0.005077,"2,581,970",Low Vol,1.72%,-23.18%,2.54%
ECOB,143,Ecobit,"$15,495,067 ",$0.034864,"444,444,444",*,"$18,756",1.56%,-7.47%
GAS,59,Gas,"$87,895,763 ",$30.03,"2,927,312",*,"$8,682,440",-7.83%,29.84%
ROYAL,893,RoyalCoin,? ,$0.001824,?,"$1,323",12.94%,10.86%,8.05%
FNC,314,FinCoin,"$1,959,103 ",$0.152120,"12,878,667",*,"$102,774",1.56%,-16.76%
LIR,802,LetItRide,"$11,330 ",$0.000317,"35,709,741",*,Low Vol,1.72%,-25.59%
LINDA,361,Linda,"$1,146,359 ",$0.000198,"5,782,713,741","$12,119",-7.21%,-4.23%,-23.91%
EGC,322,EverGreenCoin,"$1,774,624 ",$0.133217,"13,321,301","$25,551",0.50%,-2.05%,5.03%
ZNY,677,Bitzeny,"$68,975 ",$0.000912,"75,614,500",Low Vol,1.72%,-0.82%,-10.58%
GAP,675,Gapcoin,"$70,230 ",$0.006187,"11,351,165",Low Vol,1.72%,-22.81%,-9.32%
MIU,968,MIYUCoin,? ,$0.000040,?,Low Vol,1.73%,-6.99%,16.26%
MBRS,313,Embers,"$1,963,235 ",$0.039265,"50,000,000",*,"$16,183",-10.55%,-2.58%
IMPS,789,ImpulseCoin,"$15,256 ",$0.000754,"20,245,510",Low Vol,1.73%,-6.99%,16.27%
BITOK,901,Bitok,? ,$0.003997,?,*,$848,0.47%,-14.49%
SAN,138,Santiment Net...,"$16,807,622 ",$0.286224,"58,721,917",*,"$1,262,670",0.24%,-6.66%
PRC,480,PRCoin,"$105,645 ",$0.008884,"11,891,600",**,$524,1.73%,-4.43%
COAL,757,BitCoal,"$27,306 ",$0.006068,"4,500,000",Low Vol,0.57%,-27.01%,-29.03%
MEOW,718,Kittehcoin,"$44,106 ",$0.000002,"23,905,669,976",Low Vol,5.66%,-19.82%,-9.65%
STRAT,15,Stratis,"$625,646,874 ",$6.35,"98,504,108",*,"$28,835,300",-0.90%,11.59%
PLBT,155,Polybius,"$13,633,245 ",$3.61,"3,772,687",*,"$73,064",0.80%,8.29%
PUTIC,713,Putin Classic,"$47,449 ",$0.001388,"34,181,849",Low Vol,1.72%,-9.57%,-38.55%
VIDZ,600,PureVidz,"$172,023 ",$0.001373,"125,279,775",*,Low Vol,2.15%,-14.10%
LBC,106,LBRY Credits,"$26,837,013 ",$0.391641,"68,524,524","$3,232,140",-0.31%,9.70%,-20.94%
XZC,101,ZCoin,"$29,005,143 ",$10.44,"2,777,206","$1,460,940",1.48%,-3.07%,8.92%
RC,529,RussiaCoin,"$919,281 ",$0.111883,"8,216,446",Low Vol,1.48%,-9.93%,4.82%
XAUR,122,Xaurum,"$20,050,040 ",$0.157737,"127,110,569",*,"$405,115",2.91%,-7.33%
PRX,750,Printerium,"$28,123 ",$0.002379,"11,821,728",Low Vol,-0.10%,-16.72%,-31.63%
BLRY,686,BillaryCoin,"$59,855 ",$0.006663,"8,983,158",Low Vol,?,14.07%,25.20%
V,546,Version,"$460,887 ",$0.001022,"450,851,366",Low Vol,1.80%,8.08%,-17.18%
CHC,258,ChainCoin,"$3,747,470 ",$0.245302,"15,276,963","$37,996",3.25%,-6.53%,-35.22%
XID,1001,International...,? ,$0.009757,?,Low Vol,1.72%,343.63%,-69.84%
FLY,535,Flycoin,"$650,270 ",$3.08,"210,806",*,Low Vol,1.73%,-10.69%
URC,641,Unrealcoin,"$102,522 ",$0.014595,"7,024,402",Low Vol,1.56%,1.31%,89.69%
MRT,396,Miners' Rewar...,"$568,451 ",$0.056845,"10,000,000",*,$729,-3.60%,-4.44%
URO,706,Uro,"$51,666 ",$0.042794,"1,207,310",Low Vol,1.72%,-7.07%,23.32%
GSR,922,GeyserCoin,? ,$0.011604,?,Low Vol,4.33%,-37.83%,-60.81%
QBC,1013,Quebecoin,? ,$0.000912,?,Low Vol,1.72%,-6.99%,-0.97%
NEVA,692,NevaCoin,"$57,342 ",$0.027333,"2,097,885",Low Vol,1.51%,-14.72%,-3.89%
020,588,020LondonCoin,"$201,933 ",$0.000001,"155,854,490,248",Low Vol,-0.02%,40.30%,3.67%
KEK,385,KekCoin,"$731,454 ",$0.074126,"9,867,735",*,"$3,415",1.73%,-11.23%
QBK,806,Qibuck Asset,"$9,793 ",$0.006554,"1,494,228",*,Low Vol,-3.58%,61.69%
PPY,88,Peerplays,"$39,164,793 ",$10.43,"3,754,222",*,"$734,972",-2.12%,4.05%
BASH,185,LuckChain,"$8,925,631 ",$0.012699,"702,883,105","$204,131",1.28%,-0.92%,-16.38%
MRC,1057,microCoin,? ,$0.000033,?,*,Low Vol,?,?
APX,224,APX,"$5,677,153 ",$7.30,"777,394",*,"$113,553",0.86%,-7.21%
VIA,113,Viacoin,"$23,334,762 ",$1.02,"22,789,189","$602,178",-0.59%,7.17%,-27.72%
TRUMP,411,TrumpCoin,"$445,414 ",$0.068078,"6,542,722","$1,551",1.66%,-22.01%,-4.69%
PDG,1021,PinkDog,? ,$0.000079,?,Low Vol,1.72%,86.05%,132.52%
MUG,830,MikeTheMug,$675 ,$0.000676,"999,279",*,Low Vol,-3.66%,?
DBG,1037,Digital Bulli...,? ,$0.002610,?,*,Low Vol,?,-4.37%
TYC,912,Tyrocoin,? ,$0.277546,?,Low Vol,1.73%,-7.01%,171.79%
HONEY,489,Honey,"$75,681 ",$0.378936,"199,719",$930,1.55%,-0.82%,-16.25%
MAY,773,Theresa May Coin,"$20,439 ",$0.001150,"17,771,000",Low Vol,1.72%,-1.30%,24.87%
VIP,743,VIP Tokens,"$33,097 ",$0.000397,"83,450,403",*,Low Vol,13.02%,32.87%
TAAS,108,TaaS,"$25,858,420 ",$3.17,"8,146,001",*,"$310,451",-0.53%,-0.43%
MONEY,987,MoneyCoin,? ,$0.000088,?,Low Vol,1.82%,11.01%,-88.56%
APC,909,AlpaCoin,? ,$0.226264,?,$582,1.56%,-26.96%,-14.52%
NETKO,349,Netko,"$1,304,956 ",$0.361062,"3,614,215","$7,631",19.34%,-9.46%,-10.04%
SFE,1046,SafeCoin,? ,$0.000035,?,Low Vol,?,?,2.38%
SKR,930,Sakuracoin,? ,$0.000890,?,Low Vol,1.61%,-14.40%,2.76%
SFC,756,Solarflarecoin,"$27,374 ",$0.001944,"14,083,450",Low Vol,10.74%,-5.04%,2.45%
IFT,860,InvestFeed,? ,$0.023239,?,*,"$34,250",4.46%,-16.07%
XLM,34,Stellar Lumens,"$192,985,872 ",$0.017486,"11,036,593,412",*,"$14,497,500",-4.81%,1.05%
OCN,1050,OperaCoin,? ,$0.864310,?,Low Vol,?,?,8.20%
KORE,290,KoreCoin,"$2,397,434 ",$1.22,"1,971,574",*,"$65,714",0.88%,-9.71%
XLC,879,LeviarCoin (P...,? ,$0.158643,?,*,"$5,782",15.77%,22.25%
GOLOS,140,Golos,"$16,279,351 ",$0.130738,"124,518,891","$178,237",4.59%,-13.25%,-1.00%
VC,638,VirtualCoin,"$106,044 ",$0.010537,"10,064,287",Low Vol,?,1.69%,3.20%
EFYT,1041,Ergo,? ,$5.18,?,*,Low Vol,-4.61%,-0.21%
BLOCKPAY,332,BlockPay,"$1,597,082 ",$0.294214,"5,428,300",*,"$2,794",-0.32%,-13.40%
FUN,57,FunFair,"$93,742,799 ",$0.024416,"3,839,463,249",*,"$1,134,840",4.70%,-7.43%
OCOW,1045,OCOW,? ,$0.004196,?,Low Vol,?,-4.46%,18.32%
XLR,482,Solaris,"$98,191 ",$0.256833,"382,315","$1,075",-7.64%,-31.15%,-13.61%
STA,304,Starta,"$2,103,860 ",$0.446288,"4,714,130",*,"$5,025",-0.57%,-7.90%
TURBO,1059,TurboCoin,? ,$0.000039,?,*,Low Vol,?,?
SLING,658,Sling,"$85,071 ",$0.079202,"1,074,095",*,Low Vol,1.72%,-12.11%
TKN,107,TokenCard,"$26,049,839 ",$1.10,"23,644,056",*,"$631,151",-1.04%,-14.53%
PLNC,774,PLNcoin,"$20,334 ",$0.001190,"17,089,600",**,Low Vol,1.72%,-20.28%
HMP,702,HempCoin,"$53,806 ",$0.000040,"1,356,645,470",Low Vol,1.72%,-33.07%,-61.25%
HMQ,109,Humaniq,"$25,579,911 ",$0.157068,"162,858,829",*,"$594,079",3.31%,-12.57%
DENT,196,Dent,"$8,270,401 ",$0.000795,"10,405,546,260",*,"$107,565",8.59%,-10.17%
PKB,358,ParkByte,"$1,174,294 ",$0.246492,"4,764,026",*,"$35,349",2.43%,-5.26%
TKS,301,Tokes,"$2,229,741 ",$2.32,"960,309",*,"$49,774",2.58%,-16.29%
NLG,110,Gulden,"$25,340,482 ",$0.072215,"350,905,245","$213,277",1.96%,-1.54%,-4.08%
DBTC,801,Debitcoin,"$12,188 ",$0.000677,"17,998,233",Low Vol,1.72%,-83.75%,-75.05%
HMC,854,HarmonyCoin,? ,$0.029044,?,"$39,893",1.78%,-19.04%,-23.13%
DLC,630,Dollarcoin,"$116,661 ",$0.012810,"9,106,714",Low Vol,1.72%,-13.73%,-7.82%
EL,371,Elcoin,"$927,520 ",$0.082748,"11,208,967",*,"$6,925",-1.53%,4.68%
GCC,737,GuccioneCoin,"$35,400 ",$0.001745,"20,285,537",*,Low Vol,11.89%,-1.42%
HODL,572,HOdlcoin,"$275,657 ",$0.002340,"117,803,300",Low Vol,1.72%,-0.32%,-1.32%
PRM,1030,PrismChain,? ,$0.000595,?,*,Low Vol,1.73%,-6.99%
PAYP,983,PayPeer,? ,$0.000079,?,Low Vol,1.73%,-6.99%,-22.49%
SCRT,754,SecretCoin,"$27,672 ",$0.006544,"4,228,672",*,Low Vol,-41.57%,-49.35%
CSC,570,CasinoCoin,"$277,102 ",$0.007179,"38,601,187",Low Vol,1.56%,-6.98%,85.45%
GCN,560,GCoin,"$376,434 ",$0.000003,"142,574,210,000",Low Vol,0.20%,-3.63%,-25.70%
PHS,735,Philosopher S...,"$36,033 ",$0.014833,"2,429,219",*,Low Vol,1.56%,-42.60%
LUNA,507,Luna Coin,"$27,437 ",$0.018986,"1,445,097",$521,1.56%,-21.34%,-23.42%
GCR,247,Global Curren...,"$4,502,967 ",$0.043701,"103,039,667",*,"$39,868",-3.88%,-13.22%
ENT,391,Eternity,"$676,699 ",$0.180067,"3,758,039","$5,678",-0.59%,-12.34%,-23.72%
ABN,826,Abncoin,"$2,986 ",$0.044106,"67,700",Low Vol,3.94%,39.35%,-20.72%
ENV,823,Environ,"$4,583 ",$0.000035,"132,629,355",*,Low Vol,0.12%,433.89%
POSW,307,PoSW Coin,"$2,059,589 ",$0.046703,"44,100,000",*,"$17,846",6.50%,-5.42%
POST,409,PostCoin,"$466,850 ",$0.029420,"15,868,233",*,"$1,356",2.37%,-9.85%
BRIT,551,BritCoin,"$428,899 ",$0.020166,"21,268,092",Low Vol,2.43%,-18.46%,47.05%
CAGE,587,CageCoin,"$207,816 ",$0.000002,"101,168,328,395",Low Vol,-8.99%,-91.18%,-24.75%
CV2,376,Colossuscoin V2,"$804,599 ",$0.000036,"22,460,582,420",*,"$18,743",12.79%,34.55%
INPAY,326,InPay,"$1,677,650 ",$0.167765,"10,000,000",*,"$35,030",1.62%,-11.73%
MGC,884,GulfCoin,? ,$0.002737,?,"$3,835",-5.52%,4.46%,-25.07%
BTQ,727,BitQuark,"$38,313 ",$0.005354,"7,155,671",Low Vol,10.57%,23.89%,69.83%
DGD,43,DigixDAO,"$146,358,600 ",$73.18,"2,000,000",*,"$620,435",1.73%,-5.94%
BTS,20,BitShares,"$384,213,463 ",$0.147895,"2,597,880,000",*,"$58,517,100",-0.55%,-2.19%
ARG,712,Argentum,"$47,739 ",$0.006021,"7,928,131",Low Vol,-0.91%,-16.94%,-15.95%
DOGE,32,Dogecoin,"$194,848,973 ",$0.001761,"110,658,715,378","$6,690,890",-2.18%,0.71%,-9.74%
XCN,236,Cryptonite,"$4,943,758 ",$0.014155,"349,253,847","$501,078",1.05%,-6.09%,-16.50%
BTX,580,BitcoinTX,"$233,161 ",$0.002856,"81,651,176",*,Low Vol,-36.14%,-57.35%
PULSE,715,Pulse,"$46,503 ",$0.003252,"14,298,972",Low Vol,1.72%,-5.84%,16.57%
MOON,162,Mooncoin,"$11,948,033 ",$0.000054,"222,224,906,351","$19,461",10.38%,-5.42%,1.14%
BTD,552,Bitcloud,"$426,734 ",$0.037836,"11,278,423",Low Vol,1.73%,-44.05%,-10.07%
XCP,103,Counterparty,"$28,014,475 ",$10.70,"2,618,077",*,"$893,667",-0.01%,-1.17%
BTA,320,Bata,"$1,785,255 ",$0.359278,"4,969,008","$145,515",1.89%,-6.83%,-30.02%
BTC,1,Bitcoin,"$66,341,687,884 ",$4018.69,"16,508,287","$3,080,330,000",1.92%,-6.03%,17.69%
TIME,135,Chronobank,"$17,048,317 ",$24.01,"710,113",*,"$1,007,100",4.57%,-6.65%
BTM,345,Bitmark,"$1,395,179 ",$0.357630,"3,901,180","$45,575",0.29%,3.19%,-9.75%
MUSIC,249,Musicoin,"$4,376,263 ",$0.015351,"285,079,972","$118,297",2.44%,7.46%,-13.85%
PROC,426,ProCurrency,"$314,292 ",$0.111641,"2,815,205",*,"$13,222",9.72%,-13.68%
AMIS,957,AMIS,? ,$1335.40,?,*,Low Vol,0.61%,-7.11%
STEEM,22,Steem,"$275,904,304 ",$1.15,"239,437,910","$1,597,230",-1.61%,3.08%,-13.83%
ADST,886,AdShares,? ,$0.105435,?,*,"$2,935",-3.64%,-19.42%
GBG,861,Golos Gold,? ,$0.087571,?,*,"$33,786",1.83%,-10.67%
HCC,883,Happy Creator...,? ,$0.000555,?,*,"$3,949",-16.36%,40.46%
STS,568,Stress,"$291,377 ",$0.000516,"565,134,332",Low Vol,1.72%,0.76%,23.59%
SWING,610,Swing,"$141,259 ",$0.056965,"2,479,730",Low Vol,1.72%,34.23%,-27.65%
CHAO,497,23 Skidoo,"$44,534 ","$176,322",0.25257293,$885,1.70%,43.30%,15.98%
CCM100,818,CCMiner,"$6,005 ",$0.002426,"2,475,732",*,Low Vol,-3.58%,21.33%
SPHR,235,Sphere,"$4,963,965 ",$1.61,"3,082,940",*,"$170,015",3.48%,-19.85%
MUE,134,MonetaryUnit,"$17,102,136 ",$0.135203,"126,492,284","$174,323",3.93%,1.32%,8.45%
RED,696,RedCoin,"$56,221 ",$0.000759,"74,107,896",Low Vol,1.65%,-14.26%,-40.06%
CURE,246,Curecoin,"$4,536,518 ",$0.191104,"23,738,478",**,"$35,676",1.70%,-4.77%
TEAM,1010,TeamUp,? ,$0.000119,?,*,Low Vol,1.73%,-6.99%
ISL,711,IslaCoin,"$48,928 ",$0.032323,"1,513,704",*,Low Vol,1.67%,-7.22%
JOBS,807,JobsCoin,"$8,410 ",$0.000079,"106,019,270",Low Vol,1.56%,-37.98%,1.43%
BRIA,513,BriaCoin,"$19,720 ",$0.585549,"33,678",*,$669,34.46%,1.82%
LUN,96,Lunyr,"$31,973,706 ",$13.91,"2,297,853",*,"$3,700,280",1.08%,-9.08%
GBC,724,GBCGoldCoin,"$39,755 ",$0.003499,"11,361,817",Low Vol,0.00%,-0.03%,7.36%
DGB,47,DigiByte,"$126,172,576 ",$0.014432,"8,742,253,657","$19,505,800",-8.62%,25.48%,-21.37%
DGC,451,Digitalcoin,"$194,975 ",$0.007376,"26,434,160",$735,1.06%,-19.98%,-48.63%
ECC,220,E-Currency Coin,"$5,916,446 ",$0.000238,"24,862,775,754","$6,899",1.73%,5.90%,20.84%
CRT,791,CRTCoin,"$15,091 ",$0.190371,"79,270",**,Low Vol,1.72%,-6.99%
SEQ,214,Sequence,"$6,232,480 ",$0.138812,"44,898,715","$367,911",5.34%,-21.86%,35.25%
RMC,958,Remicoin,? ,$0.515589,?,*,Low Vol,1.72%,-19.38%
ECO,510,EcoCoin,"$21,483 ",$0.053707,"400,010","$5,508",2.42%,-42.99%,-70.73%
ECN,161,E-coin,"$12,318,048 ",$3.42,"3,601,316","$228,985",-1.21%,4.10%,4.30%
ANTX,1012,Antimatter,? ,$0.000022,?,Low Vol,1.17%,-26.76%,-31.94%
EMB,428,EmberCoin,"$311,022 ",$0.000043,"7,267,692,705",*,"$14,948",-15.47%,-44.06%
DRS,775,Digital Rupees,"$20,259 ",$0.000040,"510,802,961",*,Low Vol,1.72%,-7.15%
BITB,229,BitBean,"$5,349,306 ",$0.002580,"2,073,053,000",*,"$155,310",-2.00%,0.67%
DDF,872,DigitalDevelo...,? ,$0.219592,?,*,"$9,950",2.11%,-28.70%
BRAIN,902,Braincoin,? ,$0.003133,?,*,$845,1.72%,-47.89%
STV,649,Sativacoin,"$93,312 ",$0.013177,"7,081,356",Low Vol,2.26%,-21.84%,-36.21%
AMBER,576,AmberCoin,"$258,239 ",$0.005909,"43,699,481",**,Low Vol,1.72%,51.64%
BITZ,533,Bitz,"$801,051 ",$0.402358,"1,990,891",Low Vol,1.56%,-34.03%,-4.90%
LNK,333,Link Platform,"$1,592,466 ",$33.52,"47,503",*,"$7,341",1.71%,-43.59%
PCS,878,Pabyosi Coin ...,? ,$0.098914,?,"$6,003",8.57%,-7.94%,-17.53%
RBIES,414,Rubies,"$398,489 ",$0.038260,"10,415,252",*,"$3,720",4.69%,-1.03%
QTL,685,Quatloo,"$61,605 ",$0.008126,"7,581,047",Low Vol,1.13%,-34.80%,-23.16%
BITCF,871,First Bitcoin...,? ,$0.067740,?,*,"$10,627",-23.61%,85.87%
BITS,597,Bitstar,"$185,123 ",$0.008021,"23,079,737",Low Vol,1.51%,-19.46%,-11.84%
CRX,703,Chronos,"$53,694 ",$0.000728,"73,729,962",Low Vol,1.73%,-45.00%,-31.82%
ZENGOLD,978,ZenGold,? ,$0.510261,?,*,Low Vol,4.30%,?
FRC,453,Freicoin,"$192,628 ",$0.006742,"28,570,049",$920,1.73%,-5.94%,75.73%
VTC,141,Vertcoin,"$15,960,597 ",$0.413763,"38,574,250","$1,020,900",-0.76%,-1.96%,-22.97%
GTC,650,Global Tour Coin,"$90,648 ",$0.003173,"28,569,765",Low Vol,1.72%,-30.18%,-62.27%
HERO,379,Sovereign Hero,"$762,038 ",$159.66,"4,773",*,"$8,506",0.52%,1.83%
DUO,595,ParallelCoin,"$187,254 ",$0.631705,"296,426",Low Vol,15.87%,11.84%,-26.60%
FRK,665,Franko,"$78,726 ",$0.123598,"636,950",Low Vol,?,1.24%,26.52%
XC,259,XCurrency,"$3,735,556 ",$0.640243,"5,834,591",*,"$1,099",1.73%,-7.31%
TRIG,269,Triggers,"$3,183,324 ",$0.099152,"32,105,593",*,"$38,330",-1.93%,-2.97%
MEN,920,PeopleCoin,? ,$0.001190,?,Low Vol,1.73%,-14.55%,-38.77%
FRN,437,Francs,"$271,928 ",$0.072949,"3,727,620","$1,581",10.53%,8.59%,-0.84%
EUC,636,Eurocoin,"$106,186 ",$0.008927,"11,895,201",Low Vol,-3.17%,-24.05%,-12.67%
ATMS,270,Atmos,"$3,106,766 ",$0.031015,"100,168,824",*,"$3,822",-1.81%,-17.11%
X2,956,X2,? ,$0.000040,?,*,Low Vol,1.56%,-27.23%
UNB,407,UnbreakableCoin,"$486,189 ",$0.213414,"2,278,150","$156,131",8.54%,-5.99%,-18.10%
VTR,315,vTorrent,"$1,901,187 ",$0.175776,"10,815,966","$225,714",-1.51%,5.75%,-12.44%
TLE,1007,Tattoocoin (L...,? ,$0.063457,?,*,Low Vol,1.73%,?
VTY,1006,Victoriouscoin,? ,$0.000025,?,Low Vol,2.20%,-34.26%,71.35%
PWR,517,Powercoin,"$1,982 ",$0.000040,"49,983,870",$527,1.56%,-6.98%,16.26%
XP,425,XP,"$317,945 ",$0.000002,"141,695,057,776","$7,405",-3.51%,-22.26%,16.77%
PDC,227,Project Decorum,"$5,550,500 ",$0.111010,"50,000,000",*,"$73,322",0.63%,2.99%
TER,844,TerraNova,? ,$233.33,?,"$290,155",-3.09%,-59.20%,-62.02%
YAC,629,Yacoin,"$116,891 ",$0.000992,"117,891,411",Low Vol,1.72%,1.10%,-3.12%
UNO,151,Unobtanium,"$14,141,542 ",$71.50,"197,794","$33,441",0.43%,-10.01%,9.95%
DSH,416,Dashcoin,"$390,329 ",$0.022437,"17,396,723","$1,148",0.68%,-12.55%,25.82%
ZEC,19,Zcash,"$402,574,377 ",$204.67,"1,966,944","$20,284,800",1.12%,-0.95%,-7.33%
NANOX,913,Project-X,? ,"$249,381",?,*,Low Vol,1.72%,-9.55%
OMG,14,OmiseGo,"$646,622,760 ",$6.58,"98,312,024",*,"$77,505,800",2.41%,1.88%
DMB,831,Digital Money...,$404 ,$0.000959,"421,300",Low Vol,1.56%,11.84%,15.69%
ITI,404,iTicoin,"$498,080 ",$15.56,"32,000",*,"$99,363",-5.67%,-0.70%
GPL,694,Gold Pressed ...,"$56,463 ",$0.252361,"223,739",Low Vol,1.72%,-6.98%,-2.33%
CVCOIN,264,CVCoin,"$3,505,825 ",$0.450400,"7,783,804",*,"$6,956",9.33%,0.47%
KED,617,Darsek,"$134,122 ",$0.012728,"10,537,902",Low Vol,1.56%,-7.23%,5.41%
ZEN,166,ZenCash,"$11,481,146 ",$5.99,"1,917,113","$200,152",3.55%,4.18%,18.69%
ZER,419,Zero,"$379,402 ",$0.297507,"1,275,270",$789,1.72%,-7.64%,-17.89%
CRAVE,302,Crave,"$2,179,327 ",$1.63,"1,340,176",*,"$8,945",1.71%,-4.00%
CMT,759,Comet,"$26,697 ",$0.030587,"872,830",Low Vol,8.56%,-13.49%,-37.72%
ZET,248,Zetacoin,"$4,486,270 ",$0.026943,"166,507,816","$1,160,650",0.18%,-1.69%,-16.73%
INFX,382,Influxcoin,"$758,367 ",$0.453194,"1,673,383","$49,623",6.42%,-1.92%,-11.30%
BITCNY,167,bitCNY,"$11,469,957 ",$0.143114,"80,145,600",*,"$402,119",-0.55%,0.34%
SOIL,660,SOILcoin,"$82,894 ",$0.014538,"5,702,048",Low Vol,1.66%,-7.40%,-1.51%
VTA,729,Virtacoin,"$37,184 ",$0.000007,"5,201,216,305",Low Vol,-5.41%,22.95%,-26.63%
BPC,228,Bitpark Coin,"$5,428,560 ",$0.072381,"75,000,000",*,$925,-15.92%,-26.88%
NBIT,938,netBit,? ,$0.021139,?,*,Low Vol,-0.52%,-6.10%
DMC,841,DynamicCoin,? ,$1.00,?,"$878,918",0.00%,0.06%,0.02%
SKC,1011,Skeincoin,? ,$0.002618,?,Low Vol,1.72%,-12.30%,18.05%
SLFI,825,Selfiecoin,"$4,277 ",$0.000040,"107,829,281",Low Vol,1.72%,-6.98%,16.26%
SHIFT,175,Shift,"$10,138,790 ",$0.914947,"11,081,287",*,"$250,991",2.18%,6.96%
888,616,OctoCoin,"$135,927 ",$0.002736,"49,686,620",Low Vol,1.72%,-11.21%,-2.50%
AGRS,128,Agoras Tokens,"$18,756,318 ",$0.446579,"42,000,000",*,"$32,649",1.47%,-10.23%
ZSE,916,ZSEcoin,? ,$0.010426,?,Low Vol,1.68%,33.34%,76.29%
WBB,242,Wild Beast Block,"$4,725,333 ",$1.98,"2,386,797","$3,535",2.07%,-10.34%,35.50%
ASAFE2,487,AllSafe,"$86,925 ",$0.010825,"8,030,000",*,$756,21.47%,7.80%
SWT,164,Swarm City,"$11,753,668 ",$1.55,"7,576,364",*,"$56,623",6.13%,-10.63%
DP,618,DigitalPrice,"$133,488 ",$0.005753,"23,204,228",Low Vol,1.73%,-6.19%,-27.96%
OFF,793,Cthulhu Offer...,"$13,928 ",$0.005315,"2,620,778",Low Vol,1.72%,-48.70%,-31.97%
CESC,693,CryptoEscudo,"$57,153 ",$0.000397,"144,105,100",**,Low Vol,1.72%,17.08%
CYP,657,Cypher,"$86,086 ",$0.013524,"6,365,285",*,Low Vol,1.54%,-6.98%
GYC,847,Gycoin,? ,$0.014566,?,"$91,868",-7.39%,-12.86%,-14.08%
POT,105,PotCoin,"$26,894,059 ",$0.123576,"217,631,729","$323,712",1.25%,-3.28%,14.04%
PIVX,53,PIVX,"$108,004,572 ",$2.00,"54,055,531",*,"$1,289,030",8.35%,8.64%
FYN,357,FundYourselfNow,"$1,217,149 ",$1.43,"850,000",*,"$1,645",1.63%,4.24%
PURA,839,Pura,? ,$0.236516,?,"$1,158,280",-5.33%,-7.84%,593.16%
POP,684,PopularCoin,"$61,620 ",$0.000018,"3,367,512,612",Low Vol,-5.59%,22.98%,17.12%
CYC,986,Cycling Coin,? ,$0.000992,?,*,Low Vol,1.72%,-22.27%
TGC,621,Tigercoin,"$129,502 ",$0.002975,"43,536,800",Low Vol,1.72%,-10.57%,10.37%
RPC,500,RonPaulCoin,"$40,465 ",$0.048091,"841,427",$554,1.69%,-4.62%,11.05%
ARDR,45,Ardor,"$138,649,142 ",$0.138788,"998,999,495",*,"$1,867,340",-0.65%,2.95%
LBTC,506,LiteBitcoin,"$27,647 ",$0.008671,"3,188,280",$868,29.25%,19.55%,-23.06%
UNY,187,Unity Ingot,"$8,770,012 ",$0.043416,"202,000,000",*,"$3,343",-0.57%,-32.04%
BTWTY,479,Bit20,"$107,375 ","$105,684",1.016,*,"$1,006",0.14%,-1.80%
TIPS,283,FedoraCoin,"$2,536,464 ",$0.000006,"443,168,182,458","$11,502",-0.10%,-34.42%,-57.57%
DUB,969,Dubstep,? ,$0.001071,?,*,Low Vol,1.73%,-20.49%
BIP,683,BipCoin,"$62,058 ",$0.040343,"1,538,251",Low Vol,1.71%,-7.24%,6.16%
VASH,202,VPNCoin,"$7,011,630 ",$0.017514,"400,339,746",*,"$746,902",-0.85%,-6.08%
BITGOLD,474,bitGold,"$116,787 ",$1298.08,89.9694,*,"$1,037",1.04%,2.18%
RBY,171,Rubycoin,"$11,025,044 ",$0.447140,"24,656,806",*,"$7,934",0.91%,-12.07%
RBX,401,Ripto Bux,"$511,657 ",$0.001342,"381,236,123",*,"$3,773",1.35%,-2.29%
BITBTC,435,bitBTC,"$288,461 ",$3995.42,72.198,*,"$45,351",-0.68%,-6.81%
DOPE,295,DopeCoin,"$2,295,596 ",$0.020665,"111,085,648",*,"$39,935",0.51%,-9.35%
RBT,662,Rimbit,"$80,683 ",$0.000699,"115,499,623",*,Low Vol,0.32%,-2.09%
MLN,82,Melon,"$45,270,764 ",$75.53,"599,400",*,"$429,842",1.26%,-18.02%
SLR,215,SolarCoin,"$6,219,602 ",$0.173845,"35,776,711",*,"$101,350",0.01%,-8.21%
SLS,145,SaluS,"$15,125,518 ",$15.06,"1,004,037",*,"$59,361",16.25%,7.26%
STORJ,55,Storj,"$100,900,250 ",$1.36,"74,307,192",*,"$12,449,400",1.19%,-11.97%
DHG,882,DHG,? ,$0.179633,?,"$4,322",0.00%,21.04%,0.51%
KARMA,1051,Karmacoin,? ,$0.000043,?,Low Vol,?,-0.08%,?
SKIN,292,SkinCoin,"$2,341,942 ",$0.026558,"88,183,483",*,"$22,554",-21.93%,-21.86%
VERI,26,Veritaseum,"$233,225,900 ",$116.00,"2,010,533",*,"$515,816",1.39%,-16.21%
MILO,505,MiloCoin,"$28,078 ",$0.002602,"10,789,954",$551,-4.08%,-56.35%,-28.57%
SLG,472,Sterlingcoin,"$121,637 ",$0.029119,"4,177,215","$1,239",1.50%,-15.00%,4.68%
MCO,94,Monaco,"$32,811,119 ",$3.34,"9,813,786",*,"$967,288",2.08%,-8.94%
MAC,427,Machinecoin,"$313,936 ",$0.015843,"19,815,075",$656,1.72%,-12.38%,9.31%
TRUST,356,TrustPlus,"$1,220,401 ",$0.038035,"32,086,595",*,"$67,848",2.37%,0.02%
NRO,747,Neuro,"$32,461 ",$0.001745,"18,601,443",Low Vol,17.81%,-1.97%,-42.40%
DICE,92,Etheroll,"$34,870,391 ",$4.98,"7,001,623",*,"$594,299",6.84%,-15.03%
DNT,61,district0x,"$84,499,200 ",$0.140832,"600,000,000",*,"$9,718,170",-4.25%,23.46%
TOKEN,538,SwapToken,"$607,625 ",$0.000040,"15,320,585,365",*,Low Vol,1.56%,-6.99%
LGD,285,Legends Room,"$2,510,940 ",$1.26,"2,000,000",*,"$143,609",2.83%,-3.75%
OTX,394,Octanox,"$594,742 ",$0.075211,"7,907,644","$1,150",1.69%,-5.62%,7.33%
GMX,928,GoldMaxCoin,? ,$0.000238,?,*,Low Vol,1.56%,-65.32%
UNRC,914,UniversalRoya...,? ,$0.002816,?,*,Low Vol,71.95%,1.61%
XGR,433,GoldReserve,"$292,097 ",$0.017011,"17,171,382",**,$966,1.72%,-18.48%
RIDE,751,Ride My Car,"$28,111 ",$0.000278,"101,254,806",*,Low Vol,1.72%,-18.60%
AMMO,503,Ammo Rewards,"$37,017 ",$0.000476,"77,777,777",*,$984,1.73%,59.47%
$$$,502,Money,"$37,637 ",$0.000820,"45,887,218","$2,460",-1.33%,13.57%,-11.44%
QAU,144,Quantum,"$15,292,447 ",$0.187571,"81,528,846",*,"$42,700",1.70%,-5.23%
IMS,632,Independent M...,"$113,926 ",$0.021219,"5,368,934",Low Vol,1.72%,-9.88%,5.07%
BGC,846,BagCoin,? ,$0.004022,?,"$125,487",-0.48%,-2.80%,-8.31%
CLINT,1058,Clinton,? ,$0.004343,?,*,Low Vol,?,-4.82%
WA,870,WA Space,? ,$0.049695,?,"$11,316",1.72%,-9.87%,15.46%
PAY,18,TenX,"$437,033,186 ",$4.18,"104,661,310",*,"$34,367,300",-0.27%,-5.93%
EXL,865,Excelcoin,? ,$0.011858,?,"$20,239",37.24%,?,?
ZYD,725,Zayedcoin,"$39,374 ",$0.006306,"6,243,840",Low Vol,18.07%,-5.92%,117.50%
MUSE,518,MUSE,"$11,426,904 ",$0.008311,"1,374,840,478",*,Low Vol,?,?
TOPAZ,981,Topaz Coin,? ,$0.055748,?,Low Vol,1.56%,-3.21%,7.68%
BGR,1054,Bongger,? ,$0.000041,?,Low Vol,-0.61%,-7.19%,?
HBN,573,HoboNickels,"$270,037 ",$0.004787,"56,414,205",Low Vol,1.43%,-7.41%,-12.78%
BIGUP,659,BigUp,"$83,194 ",$0.000040,"2,082,133,997",Low Vol,1.40%,-6.31%,18.04%
ELCO,1060,ELcoin,? ,$44.41,?,*,?,?,?
EXP,137,Expanse,"$16,877,956 ",$2.15,"7,847,803","$228,328",-0.92%,-0.88%,7.01%
UNI,623,Universe,"$127,713 ",$0.022488,"5,679,253",*,Low Vol,1.72%,-31.17%
B@,519,Bankcoin,"$10,502,886 ",$0.912196,"11,513,848",*,Low Vol,1.73%,18.66%
PAK,383,Pakcoin,"$757,401 ",$0.019082,"39,691,700","$5,386",1.40%,2.06%,61.74%
BSTY,443,GlobalBoost-Y,"$245,474 ",$0.019706,"12,456,862",$509,-7.28%,-2.02%,-17.22%
BEST,1017,BestChain,? ,$0.000825,?,Low Vol,1.51%,-12.02%,-19.26%
DCN,256,Dentacoin,"$3,844,227 ",$0.000238,"16,177,500,000",*,"$25,764",24.86%,20.68%
FBC,862,FiboCoins,? ,$0.058687,?,"$31,953",0.00%,-3.99%,-8.95%
XQN,955,Quotient,? ,$0.006425,?,*,Low Vol,1.81%,-5.81%
VOYA,996,Voyacoin,? ,$1.25,?,Low Vol,1.72%,-19.58%,46.51%
LINX,412,Linx,"$433,159 ",$0.088210,"4,910,550","$126,614",-6.62%,39.34%,61.73%
EGO,784,EGO,"$16,658 ",$0.000278,"60,000,001",*,Low Vol,1.72%,-15.77%
PZM,241,PRIZM,"$4,754,142 ",$0.921055,"5,161,626",*,"$12,704",2.85%,-14.02%
TIT,449,Titcoin,"$215,638 ",$0.004322,"49,898,202",$811,2.34%,-15.51%,-0.96%
EDRC,935,EDRCoin,? ,$0.018671,?,*,Low Vol,0.13%,-17.99%
GEERT,812,GeertCoin,"$7,605 ",$0.001494,"5,091,200",Low Vol,1.58%,-34.77%,-4.81%
DCY,544,Dinastycoin,"$501,578 ",$0.000404,"1,241,887,007",Low Vol,1.09%,7.44%,-4.59%
BITUSD,261,bitUSD,"$3,615,876 ",$1.02,"3,546,750",*,"$112,282",1.78%,1.54%
DCT,68,DECENT,"$68,635,747 ",$1.34,"51,306,089",*,"$3,922,180",0.36%,-9.32%
LEPEN,926,LePen,? ,$0.000053,?,*,Low Vol,1.91%,-30.35%
DCR,42,Decred,"$146,790,153 ",$26.47,"5,544,628","$1,450,440",3.80%,19.67%,-11.70%
RIC,272,Riecoin,"$3,083,822 ",$0.084887,"36,328,725","$187,709",1.59%,-5.82%,-13.42%
GARY,888,President Joh...,? ,$0.079321,?,*,"$2,737",1.73%,-61.46%
ZENI,262,Zennies,"$3,595,725 ",$0.003593,"1,000,786,142",*,"$15,544",0.70%,7.12%
OMC,1048,Omicron,? ,$0.210685,?,*,Low Vol,?,?
BNX,721,BnrtxCoin,"$40,804 ",$0.001983,"20,576,501",Low Vol,1.72%,-7.44%,19.52%
HAL,673,Halcyon,"$72,270 ",$0.014714,"4,911,627",Low Vol,1.56%,-6.98%,12.20%
PASC,231,Pascal Coin,"$5,175,908 ",$0.416874,"12,416,000","$110,359",0.83%,3.07%,-19.14%
PASL,613,Pascal Lite,"$138,162 ",$0.047593,"2,903,000",Low Vol,1.72%,-7.00%,-29.00%
RISE,181,Rise,"$9,792,007 ",$0.091184,"107,387,215",*,"$546,618",7.15%,-28.79%
THS,875,TechShares,? ,$1.04,?,*,"$7,779",-9.44%,10.12%
EQT,230,EquiTrader,"$5,331,531 ",$0.865204,"6,162,167","$103,846",2.30%,12.40%,48.12%
BENJI,785,BenjiRolls,"$16,606 ",$0.000840,"19,762,174",Low Vol,1.71%,-18.52%,-52.30%
BNT,54,Bancor,"$105,359,544 ",$2.58,"40,772,871",*,"$3,301,700",1.58%,-6.58%
DASH,9,Dash,"$1,510,330,996 ",$201.55,"7,493,505","$34,349,700",3.08%,1.84%,1.94%
SIGT,243,Signatum,"$4,722,767 ",$0.054488,"86,675,196","$665,192",-1.07%,-25.03%,-53.65%
BSTAR,762,Blackstar,"$26,158 ",$0.000041,"630,795,971",*,Low Vol,?,-2.75%
BNB,52,Binance Coin,"$108,433,000 ",$1.08,"100,000,000",*,"$24,001,300",6.74%,-15.25%
ETX,1053,Etherx,? ,$1.95,?,*,Low Vol,-0.16%,-12.36%
WEX,512,Wexcoin,"$20,924 ",$0.097773,"214,007",*,$922,1.54%,-19.30%
THC,331,HempCoin,"$1,599,417 ",$0.007139,"224,041,897","$114,459",0.52%,-1.84%,-13.84%
E4ROW,528,E4ROW,"$974,012 ",$0.233688,"4,168,000",*,?,?,?
PHO,745,Photon,"$32,617 ",$0.000002,"18,880,023,548",Low Vol,0.12%,-10.12%,-11.21%
SPEX,633,SproutsExtreme,"$113,692 ",$0.000040,"2,866,607,586",*,Low Vol,1.56%,-6.99%
BURST,163,Burst,"$11,911,192 ",$0.006616,"1,800,339,818","$1,257,850",-5.30%,19.15%,-21.26%
ZEIT,268,Zeitcoin,"$3,214,681 ",$0.000087,"36,971,137,973","$1,045",-1.46%,49.32%,34.03%
SWIFT,210,Bitswift,"$6,449,394 ",$1.59,"4,065,350",*,"$4,405,470",-0.35%,-20.04%
SYS,72,SysCoin,"$60,479,252 ",$0.114797,"526,836,523","$1,671,080",-0.33%,5.53%,-10.16%
QWARK,209,Qwark,"$6,590,624 ",$0.234117,"28,150,983",*,"$2,210,580",-0.77%,-33.56%
CCN,583,Cannacoin,"$216,458 ",$0.046069,"4,698,572",Low Vol,44.86%,34.74%,-34.75%
MZC,562,MazaCoin,"$346,029 ",$0.000317,"1,092,618,137",Low Vol,1.33%,2.88%,2.87%
KIC,599,KibiCoin,"$175,364 ",$0.011929,"14,701,000",Low Vol,0.30%,-2.47%,4.02%
STEPS,508,Steps,"$23,638 ",$0.001269,"18,625,017",*,"$1,439",1.73%,-9.81%
CNNC,669,Cannation,"$75,052 ",$0.030301,"2,476,893",Low Vol,1.72%,-2.27%,10.26%
RAREPEPEP,582,Rare Pepe Party,"$223,726 ",$12.43,"18,000",*,Low Vol,?,?
INSANE,521,InsaneCoin,"$1,808,632 ",$0.098602,"18,342,791",Low Vol,2.08%,-12.39%,-51.12%
EMD,455,Emerald Crypto,"$171,191 ",$0.008955,"19,117,129","$5,894",0.79%,-12.08%,-0.41%
FDC,741,Future Digita...,"$33,998 ",$0.012348,"2,753,201",Low Vol,-0.27%,?,?
Q2C,575,QubitCoin,"$265,472 ",$0.001071,"247,910,070",Low Vol,1.72%,11.41%,70.98%
DMD,179,Diamond,"$10,001,752 ",$4.48,"2,231,707","$28,739",3.44%,-6.80%,24.44%
CRW,160,Crown,"$12,344,865 ",$0.832910,"14,821,368","$109,118",0.97%,4.07%,-4.33%
EMC,90,Emercoin,"$37,455,904 ",$0.923606,"40,553,985","$302,714",-0.33%,-7.05%,-13.50%
IFLT,387,InflationCoin,"$719,688 ",$0.000072,"10,025,503,049",*,"$45,517",19.01%,27.83%
FRGC,843,Fargocoin,? ,$7.38,?,"$471,029",-2.72%,-3.16%,-4.58%
BELA,186,BelaCoin,"$8,891,149 ",$0.240270,"37,004,825","$269,993",0.39%,-0.58%,12.75%
SKY,118,Skycoin,"$22,045,820 ",$3.78,"5,837,030",*,"$58,453",-0.66%,-1.21%
SYNC,1040,Sync,? ,$553.93,?,*,Low Vol,?,-0.07%
CRB,200,Creditbit,"$7,047,969 ",$0.593496,"11,875,343",*,"$490,723",2.72%,1.66%
GBT,765,GameBet Coin,"$25,299 ",$0.001190,"21,262,780",*,Low Vol,1.72%,-15.44%
EMV,284,Ethereum Movi...,"$2,527,633 ",$0.379145,"6,666,666",*,"$1,285",-26.08%,-34.97%
EMP,881,EMoneyPower,? ,$0.126317,?,*,"$5,176",1.64%,-9.60%
SYNX,311,Syndicate,"$1,996,884 ",$0.138563,"14,411,380",*,"$256,462",14.52%,-3.43%
TRST,115,WeTrust,"$22,859,122 ",$0.248071,"92,147,500",*,"$586,293",0.26%,5.72%
ROUND,84,Round,"$43,533,345 ",$0.051216,"850,000,000",*,"$313,867",1.36%,-1.14%
BOAT,777,Doubloon,"$19,293 ",$0.001040,"18,547,845",Low Vol,1.78%,9.79%,9.49%
CRM,384,Cream,"$735,100 ",$0.016856,"43,611,097","$4,236",1.72%,-23.72%,-36.29%
PR,483,Prototanium,"$92,907 ",$0.476184,"195,107",$773,1.46%,-20.48%,16.38%
DAXX,217,DaxxCoin,"$5,992,918 ",$0.012428,"482,226,520","$3,672",4.08%,7.69%,9.42%
ACOIN,647,Acoin,"$94,849 ",$0.077740,"1,220,085",Low Vol,1.70%,-0.56%,24.22%
XDN,142,DigitalNote,"$15,865,440 ",$0.002304,"6,885,533,508","$1,230,830",-2.42%,15.73%,-20.56%
PX,666,PX,"$77,399 ",$0.000912,"84,849,343",Low Vol,1.59%,7.60%,23.45%
TCR,1020,TheCreed,? ,$0.000238,?,Low Vol,1.72%,-30.24%,?
SOUL,919,SoulCoin,? ,$0.000040,?,Low Vol,1.73%,-30.20%,7.25%
808,405,808Coin,"$496,190 ",$0.000793,"625,419,001","$92,520",1.72%,-22.10%,-3.11%
CLUB,858,ClubCoin,? ,$0.294961,?,*,"$36,372",5.13%,-6.12%
BUN,594,BunnyCoin,"$190,556 ",$0.000002,"101,826,671,061",Low Vol,-0.03%,-87.80%,-8.68%
UNIC,586,UniCoin,"$208,722 ",$0.070936,"2,942,394",Low Vol,-5.25%,44.28%,13.10%
PI,985,PiCoin,? ,$0.003094,?,Low Vol,1.56%,60.65%,213.24%
GEO,286,GeoCoin,"$2,472,566 ",$0.781100,"3,165,492","$171,738",2.47%,-15.71%,21.77%
MALC,291,Malcoin,"$2,374,194 ",$44.73,"53,083",*,"$46,570",1.72%,-19.30%
XRL,89,Rialto,"$37,736,353 ",$0.493595,"76,452,056",*,"$160,483",3.87%,-9.68%
FLASH,936,Flash,? ,$0.003569,?,*,Low Vol,1.72%,-6.45%
TAGR,771,TAGRcoin,"$21,471 ",$0.000555,"38,669,634",*,Low Vol,1.72%,23.92%
XRE,644,RevolverCoin,"$96,873 ",$0.004402,"22,004,960",Low Vol,-0.85%,-9.29%,19.15%
ZOI,408,Zoin,"$481,248 ",$0.037829,"12,721,700","$4,083",11.52%,7.20%,18.02%
XRA,606,Ratecoin,"$149,512 ",$0.001364,"109,613,715",*,Low Vol,1.78%,-11.90%
XRC,816,Rawcoin,"$6,737 ",$0.009558,"704,882",Low Vol,1.72%,3.04%,-11.90%
XRB,180,RaiBlocks,"$9,886,168 ",$0.094871,"104,206,644","$150,090",1.09%,-5.30%,52.75%
SHELL,1039,ShellCoin,? ,$0.026588,?,*,Low Vol,?,-0.90%
EFL,339,e-Gulden,"$1,505,746 ",$0.097598,"15,428,088",**,"$16,698",4.14%,-3.08%
FUNC,350,FUNCoin,"$1,284,021 ",$0.219544,"5,848,581",*,"$3,806",1.18%,-2.57%
VISIO,309,Visio,"$2,044,371 ",$0.040319,"50,704,657",*,"$4,386",-24.45%,-43.74%
FOOT,555,Footy Cash,"$416,540 ",$0.099310,"4,194,323",Low Vol,1.72%,-9.14%,-23.37%
VGC,949,VegasCoin,? ,$0.000516,?,Low Vol,-47.49%,-13.63%,79.92%
XRP,3,Ripple,"$6,128,572,936 ",$0.159832,"38,343,841,883",*,"$87,220,800",-0.01%,-5.42%
FUNK,577,The Cypherfunks,"$256,043 ",$0.000006,"45,006,795,000",Low Vol,19.81%,48.89%,-16.80%
SANDG,803,Save and Gain,"$10,877 ",$0.003549,"3,064,800",Low Vol,?,-6.48%,-14.48%
YES,966,Yescoin,? ,$0.000009,?,Low Vol,-0.34%,29.30%,-26.09%
LDCN,895,LandCoin,? ,$0.019616,?,*,"$1,237",-12.27%,-16.47%
WSX,944,WeAreSatoshi,? ,$0.002816,?,Low Vol,1.73%,-14.50%,106.55%
ANC,457,Anoncoin,"$163,711 ",$0.077576,"2,110,317","$2,689",8.55%,-9.61%,-25.01%
PSB,465,Pesobit,"$135,092 ",$0.004085,"33,069,917",*,"$1,060",1.72%,-28.21%
FRST,104,FirstCoin,"$27,320,711 ",$4.84,"5,646,350","$661,190",2.55%,-6.59%,23.67%
ANTI,726,AntiBitcoin,"$38,790 ",$0.002221,"17,465,159",Low Vol,1.56%,-3.20%,3.91%
SJCX,838,Storjcoin X,? ,$1.31,?,*,"$1,431,520",0.53%,-8.88%
DRAGON,821,BTCDragon,"$5,027 ",$0.012469,"403,189",*,?,?,0.45%
ANT,62,Aragon,"$83,466,497 ",$2.48,"33,605,167",*,"$936,329",2.21%,3.69%
WINK,900,Wink,? ,$0.000230,?,*,$959,2.53%,-11.74%
OPAL,924,Opal,? ,$0.014234,?,*,Low Vol,1.72%,4.62%
NVC,240,Novacoin,"$4,802,827 ",$2.66,"1,803,662","$6,650",2.33%,-9.93%,-26.54%
WYV,780,Wyvern,"$18,492 ",$0.012890,"1,434,616",*,Low Vol,1.73%,-13.63%
RNS,324,Renos,"$1,749,746 ",$0.052457,"33,356,077",*,"$2,462",1.78%,29.80%
XRY,991,Royalties,? ,$0.156660,?,Low Vol,1.72%,-8.09%,11.39%
KURT,476,Kurrent,"$114,907 ",$0.011584,"9,919,485",$830,1.74%,-25.57%,-30.72%
ETP,63,Metaverse ETP,"$81,800,926 ",$3.62,"22,600,000","$864,314",-0.74%,-0.36%,-3.32%
KMD,50,Komodo,"$124,072,126 ",$1.23,"100,945,510","$623,869",1.90%,-5.30%,17.70%
BCH,4,Bitcoin Cash,"$4,930,955,596 ",$298.99,"16,492,263","$132,500,000",-0.17%,-0.13%,-15.17%
VUC,406,Virta Unique ...,"$490,209 ",$0.008110,"60,445,000","$2,857",2.61%,-55.67%,-11.61%
ETT,218,EncryptoTel,"$5,964,464 ",$0.095998,"62,131,190",*,"$1,503",1.73%,1.81%
WARP,776,WARP,"$20,068 ",$0.018323,"1,095,224",*,Low Vol,1.73%,-3.87%
BCF,738,BitcoinFast,"$35,281 ",$0.009366,"3,766,849",**,Low Vol,0.69%,55.72%
MSCN,488,Master Swiscoin,"$76,947 ",$0.001821,"42,250,300",*,"$1,536",0.88%,-28.50%
ZHS,827,Zcashshare,"$2,017 ",$0.000714,"2,826,000",Low Vol,1.72%,-6.98%,16.26%
DVC,554,Devcoin,"$417,387 ",$0.000029,"14,477,477,500",Low Vol,0.61%,10.21%,27.30%
BCC,13,BitConnect,"$690,509,106 ",$107.09,"6,447,872","$8,142,890",1.71%,-3.80%,24.65%
ETB,559,Ethbits,"$388,628 ",$1.32,"294,824",*,Low Vol,12.82%,24.12%
ETC,10,Ethereum Classic,"$1,280,248,409 ",$13.54,"94,556,550","$51,359,200",-0.41%,-4.19%,-12.50%
FST,336,Fastcoin,"$1,516,649 ",$0.011964,"126,764,507","$25,201",5.23%,14.10%,-26.75%
BCY,192,Bitcrystals,"$8,546,094 ",$0.367599,"23,248,415",*,"$262,183",1.69%,4.74%
KUSH,640,KushCoin,"$102,571 ",$0.018870,"5,435,747",Low Vol,1.56%,-3.58%,14.44%
ETH,2,Ethereum,"$26,793,490,993 ",$284.99,"94,015,218","$1,023,880,000",1.22%,-4.76%,-0.65%
IOP,850,Internet of P...,? ,$0.655314,?,"$75,656",5.15%,4.69%,16.32%
EGG,1031,EggCoin,? ,$0.015071,?,*,Low Vol,1.73%,-7.04%
CON,614,PayCon,"$137,699 ",$0.005976,"23,042,604",*,Low Vol,2.33%,79.87%
VRS,494,Veros,"$59,721 ",$0.000403,"148,104,141",*,"$3,387",0.18%,-6.04%
ZBC,855,Zilbercoin,? ,$0.340205,?,*,"$38,674",9.19%,11.17%
WORM,475,HealthyWormCoin,"$115,237 ",$0.001071,"107,613,408","$15,013",-21.53%,1.95%,33.87%
RIYA,347,Etheriya,"$1,360,873 ",$0.860478,"1,581,531",*,"$5,117",4.75%,-26.93%
CASH,772,Cashcoin,"$20,535 ",$0.000754,"27,251,500",Low Vol,1.72%,-12.84%,-2.90%
9COIN,951,9COIN,? ,$0.001190,?,*,Low Vol,1.73%,-39.33%
SPT,691,Spots,"$57,485 ",$0.002566,"22,406,021",Low Vol,0.71%,-14.24%,-35.04%
VRC,203,VeriCoin,"$7,002,305 ",$0.230820,"30,336,647","$313,632",0.30%,-1.34%,-16.40%
UNIT,717,Universal Cur...,"$44,499 ",$0.003411,"13,046,431",Low Vol,1.72%,-80.95%,11.09%
QORA,907,Qora,? ,$0.193037,?,*,$660,0.80%,3.15%
C2,607,Coin2.1,"$145,051 ",$0.001451,"99,976,323",*,Low Vol,-1.43%,-16.03%
VRM,296,VeriumReserve,"$2,288,266 ",$1.86,"1,230,357","$62,170",-0.85%,-2.32%,-12.54%
TROPTIONS,1044,TROPTIONS,? ,$1.03,?,*,Low Vol,?,171.32%
CJ,458,Cryptojacks,"$158,467 ",$0.000390,"406,568,581","$1,876",-1.84%,-6.91%,-0.46%
MST,689,MustangCoin,"$57,664 ",$0.091554,"629,835",Low Vol,1.56%,-4.29%,-22.64%
MOTO,903,Motocoin,? ,$0.001614,?,$822,5.06%,-38.94%,-66.07%
FAIR,111,FairCoin,"$25,086,477 ",$0.471605,"53,193,831",*,"$167,640",4.96%,32.86%
DIME,176,Dimecoin,"$10,103,414 ",$0.000019,"532,201,179,920","$3,746",5.84%,422.54%,247.01%
CC,1035,CyberCoin,? ,$0.000079,?,*,Low Vol,1.72%,-6.98%
NDC,197,NEVERDIE,"$8,038,567 ",$0.196043,"41,004,100",*,"$25,499",8.79%,-2.36%
XMG,312,Magi,"$1,993,595 ",$0.274838,"7,253,709","$2,815,040",10.24%,85.87%,29.25%
CF,824,Californium,"$4,504 ",$0.040533,"111,110",Low Vol,-1.75%,-7.58%,10.92%
UTA,887,UtaCoin,? ,$0.022210,?,*,"$2,787",1.72%,9.65%
HYPER,973,Hyper,? ,$0.032841,?,Low Vol,1.72%,-17.92%,-17.74%
XMY,265,Myriad,"$3,465,546 ",$0.002303,"1,504,685,250","$688,675",-5.13%,8.21%,-25.11%
WAY,624,WayGuide,"$126,966 ",$0.001269,"100,040,708",*,Low Vol,1.56%,-6.98%
KRB,413,Karbowanec,"$410,975 ",$0.100245,"4,099,702","$3,499",2.10%,-4.07%,-2.31%
MOIN,380,Moin,"$760,869 ",$0.107401,"7,084,378",*,"$2,140",1.64%,-13.05%
IEC,1055,IvugeoCoin,? ,$0.051514,?,*,Low Vol,?,?
XMR,12,Monero,"$699,195,691 ",$46.80,"14,938,738","$15,250,500",2.08%,-1.90%,-9.22%
1CR,656,1CRedit,"$86,486 ",$0.980419,"88,213",Low Vol,0.58%,-0.72%,209.60%
PLU,191,Pluton,"$8,592,985 ",$10.11,"850,000",*,"$207,436",0.19%,-11.62%
NMR,85,Numeraire,"$43,344,109 ",$34.60,"1,252,818",*,"$758,555",4.33%,2.72%
PLR,69,Pillar,"$65,189,600 ",$0.116410,"560,000,000",*,"$264,993",-5.13%,-7.45%
SNRG,279,Synergy,"$2,776,510 ",$0.937265,"2,962,354",*,"$80,676",-5.38%,-8.08%
UFO,574,UFO Coin,"$267,745 ",$0.000079,"3,375,447,512",Low Vol,1.72%,-6.99%,-24.38%
DRACO,362,DT Token,"$1,127,742 ",$0.012687,"88,888,888",*,"$171,675",-0.55%,6.05%
CDN,542,Canada eCoin,"$590,334 ",$0.006060,"97,415,544",Low Vol,1.19%,-12.74%,-22.98%
CASINO,545,Casino,"$479,741 ",$0.479741,"1,000,000",*,Low Vol,-3.66%,-5.77%
BIRDS,945,Birds,? ,$0.000119,?,Low Vol,1.70%,-7.21%,-13.85%
CDT,836,CoinDash,? ,$0.194155,?,*,"$12,230,600",-0.35%,15.67%
TESLA,905,TeslaCoilCoin,? ,$0.738998,?,*,$675,1.56%,37.89%
NMC,112,Namecoin,"$24,270,851 ",$1.65,"14,736,400","$73,203",1.78%,-2.07%,-17.95%
RUP,654,Rupee,"$88,673 ",$0.004055,"21,869,750",Low Vol,1.59%,-24.96%,-26.65%
XBTC21,766,Bitcoin 21,"$24,252 ",$0.030578,"793,108",*,Low Vol,1.72%,-23.52%
TELL,941,Tellurion,? ,$0.000119,?,Low Vol,1.72%,-2.68%,-7.02%
PRES,896,President Trump,? ,$0.005964,?,*,"$1,231",1.56%,36.97%
ASC,1056,AsicCoin,? ,$0.000091,?,Low Vol,?,?,-37.78%
FRWC,982,FrankyWillCoin,? ,$0.001348,?,Low Vol,1.72%,-10.36%,16.26%
LOG,531,Woodcoin,"$865,222 ",$0.107679,"8,035,193",Low Vol,1.73%,-6.99%,5.23%
GNT,28,Golem,"$221,343,267 ",$0.265708,"833,032,000",*,"$5,107,230",-4.03%,6.51%
ALTC,798,Antilitecoin,"$13,128 ",$0.000417,"31,512,613",Low Vol,14.04%,52.53%,50.08%
BXT,604,BitTokens,"$152,954 ",$0.274112,"557,997",Low Vol,5.94%,-6.48%,-5.48%
INSN,321,InsaneCoin,"$1,779,646 ",$0.112496,"15,819,640","$11,297",-3.41%,-24.67%,-31.48%
ANI,962,Animecoin,? ,$0.000119,?,Low Vol,1.72%,-30.24%,15.97%
HYP,355,HyperStake,"$1,223,779 ",$0.001269,"964,691,454",*,"$7,826",-1.37%,-14.60%
RCN,1022,Rcoin,? ,$0.000040,?,Low Vol,1.72%,-7.19%,16.72%
DIX,496,Dix Asset,"$51,686 ",$5.2e-07,"100,000,000,000",*,$579,0.00%,-3.64%
LOT,609,LottoCoin,"$144,005 ",$0.000010,"14,491,014,421",Low Vol,0.12%,-14.76%,-10.44%
EB3,119,EB3 Coin,"$21,789,438 ",$0.360912,"60,373,272","$392,023",1.56%,-9.01%,14.74%
QBT,921,Cubits,? ,$0.001586,?,Low Vol,-0.35%,-15.42%,1.69%
BXC,934,Bitcedi,? ,$0.002766,?,Low Vol,3.60%,-26.27%,-27.75%
ARCO,646,AquariusCoin,"$95,077 ",$0.071389,"1,331,808",*,Low Vol,2.09%,-5.27%
CVC,31,Civic,"$202,364,940 ",$0.595191,"340,000,000",*,"$12,866,800",1.35%,-3.96%
PIZZA,828,PizzaCoin,"$1,967 ",$0.001428,"1,377,917",Low Vol,-1.18%,-8.59%,-22.12%
PPC,86,Peercoin,"$40,422,247 ",$1.67,"24,267,569","$491,581",5.72%,3.66%,-10.86%
SAFEX,76,Safe Exchange...,"$52,044,481 ",$0.024235,"2,147,483,647",*,"$1,555,250",5.40%,5.10%
MBI,340,Monster Byte,"$1,476,140 ",$0.087747,"16,822,736",*,"$4,864",10.19%,-8.13%
GAY,979,GAY Money,? ,$0.111759,?,Low Vol,1.72%,-9.62%,-18.12%
TCOIN,892,T-coin,? ,$0.000079,?,"$1,380",-32.29%,-12.64%,-31.79%
QRK,208,Quark,"$6,631,719 ",$0.026366,"251,530,195","$93,680",2.04%,-5.30%,-14.74%
QRL,117,Quantum Resis...,"$22,061,260 ",$0.424255,"52,000,000",*,"$726,267",-0.49%,1.03%
TERA,931,TeraCoin,? ,$0.000912,?,Low Vol,1.72%,-17.71%,-4.30%
QCN,627,QuazarCoin,"$119,603 ",$0.019830,"6,031,326",Low Vol,27.15%,16.27%,42.87%
DGCS,829,Digital Credits,"$1,849 ",$0.000317,"5,826,388",Low Vol,1.73%,3.43%,71.01%
GAM,194,Gambit,"$8,317,509 ",$6.99,"1,190,213",*,"$31,327",5.65%,-1.60%
PSY,1026,Psilocybin,? ,$0.014238,?,Low Vol,1.72%,-8.26%,19.40%
VEC2,688,Vector,"$58,297 ",$0.003609,"16,152,602",Low Vol,1.73%,-6.99%,63.60%
DBIX,183,DubaiCoin,"$9,198,520 ",$9.09,"1,012,487","$60,837",5.52%,-12.25%,-1.59%
FAL,873,Falcoin,? ,$1.63,?,"$8,684",1.77%,-9.52%,5.10%
PPT,33,Populous,"$194,029,527 ",$4.70,"41,252,246",*,"$600,387",1.60%,-6.42%
BUCKS,468,SwagBucks,"$128,484 ",$0.526634,"243,972",$938,1.33%,-19.19%,-53.37%
NSR,328,NuShares,"$1,645,311 ",$0.000609,"2,702,268,334",*,"$4,957",-2.00%,-11.56%
BVC,667,BeaverCoin,"$75,589 ",$0.024264,"3,115,258",Low Vol,1.76%,-11.84%,?
IBANK,779,iBank,"$18,823 ",$0.004159,"4,526,324",Low Vol,?,0.56%,25.72%
G3N,760,G3N,"$26,468 ",$0.003500,"7,561,891",Low Vol,?,0.12%,22.14%
GBYTE,37,Byteball,"$184,441,906 ",$350.43,"526,327",*,"$2,114,900",4.91%,11.54%
UTC,589,UltraCoin,"$201,234 ",$0.004601,"43,738,161",Low Vol,1.67%,-8.60%,-33.12%
GOOD,567,Good Karma,"$315,076 ",$0.000714,"441,349,000",*,Low Vol,1.73%,139.94%
BURN,1043,President San...,? ,$0.000043,?,*,Low Vol,?,1.22%
WOW,999,Wowcoin,? ,$0.000040,?,Low Vol,1.72%,-6.98%,17.97%
YOG,933,Yogold,? ,$0.010748,?,*,Low Vol,1.72%,-5.63%
XVP,381,Virtacoinplus,"$760,664 ",$0.083271,"9,134,750","$1,966",1.64%,-23.06%,1.41%
XVS,445,Vsync,"$237,589 ",$0.002225,"106,794,365","$2,087",2.77%,-9.03%,3.81%
YOC,441,Yocoin,"$256,530 ",$0.002429,"105,618,830",*,"$10,762",81.67%,-19.70%
DPAY,788,DPAY,"$16,222 ",$0.000204,"79,541,001",Low Vol,?,-4.33%,99.27%
CMPCO,463,CampusCoin,"$145,137 ",$0.001804,"80,445,000","$14,435",-20.97%,-41.79%,530.80%
VOLT,805,Bitvolt,"$10,189 ",$0.000674,"15,112,554",*,Low Vol,1.72%,-24.70%
IRL,967,IrishCoin,? ,$0.001507,?,**,Low Vol,1.72%,-11.64%
HTML5,294,HTMLCOIN,"$2,310,546 ",$0.000057,"40,659,020,000","$47,930",1.85%,-12.90%,57.36%
MTL,46,Metal,"$137,296,656 ",$7.11,"19,300,994",*,"$1,827,110",2.90%,-2.53%
MTM,634,MTMGaming,"$109,868 ",$0.036623,"3,000,000",*,Low Vol,-3.41%,19.80%
HPC,370,Happycoin,"$937,414 ",$0.079933,"11,727,575","$1,375",-1.12%,-1.61%,24.76%
SOCC,744,SocialCoin,"$32,940 ",$0.023995,"1,372,804",Low Vol,2.23%,-10.41%,-13.32%
XVC,273,Vcash,"$2,984,502 ",$0.195648,"15,254,447","$43,124",-1.22%,-19.47%,-28.47%
HILL,1005,President Cli...,? ,$0.000040,?,*,Low Vol,1.56%,?
XVE,1027,The Vegan Ini...,? ,$0.000238,?,*,Low Vol,1.72%,11.63%
INF,837,InfChain,? ,$0.038795,?,"$7,498,770",1.64%,-10.89%,?
XVG,91,Verge,"$36,692,339 ",$0.002736,"13,409,472,280","$4,564,690",3.38%,33.50%,-17.78%
PINK,253,PinkCoin,"$3,913,031 ",$0.011265,"347,377,250","$276,637",-4.42%,0.49%,-17.28%
ECA,473,Electra,"$117,786 ",$0.000006,"20,065,113,003",$562,1.11%,-16.81%,-54.70%
MOJO,469,MojoCoin,"$126,039 ",$0.010427,"12,087,712",*,"$2,242",1.78%,6.24%
PING,303,CryptoPing,"$2,117,078 ",$0.212727,"9,952,089",*,"$122,999",0.28%,-9.92%
ONX,509,Onix,"$23,527 ",$0.007536,"3,122,110","$41,558",5.53%,241.51%,201.43%
EBT,514,Ebittree Coin,"$14,794 ",$0.013802,"1,071,880","$11,355",13.56%,6.12%,9.71%
ARB,733,ARbit,"$36,723 ",$0.005235,"7,014,555",Low Vol,30.37%,-4.83%,?
ARC,615,Arcade Token,"$136,438 ",$0.070116,"1,945,903",*,Low Vol,1.41%,-76.41%
SDC,375,ShadowCash,"$809,357 ",$0.120925,"6,693,050",*,$896,-42.05%,-6.18%
ARI,612,Aricoin,"$138,997 ",$0.000991,"140,262,505",Low Vol,1.67%,7.96%,73.30%
ARK,40,Ark,"$169,092,005 ",$1.74,"96,909,748",*,"$39,097,000",11.44%,48.56%
VLTC,742,Vault Coin,"$33,256 ",$0.001110,"29,946,780",Low Vol,1.72%,-14.39%,71.28%
NYAN,620,Nyancoin,"$132,967 ",$0.000446,"297,891,209",Low Vol,2.63%,21.79%,-27.10%
WDC,206,WorldCoin,"$6,926,038 ",$0.060229,"114,994,880","$910,060",-0.62%,-4.26%,-17.99%
TIX,354,Tickets,"$1,224,150 ",$0.000018,"66,876,281,414","$28,513",3.82%,-6.34%,-19.60%
STCN,867,Stakecoin,? ,$1.11,?,*,"$15,115",1.72%,-3.55%
CANN,344,CannabisCoin,"$1,414,412 ",$0.018314,"77,231,176","$54,792",0.98%,-22.17%,-12.63%
XJO,578,Joulecoin,"$252,902 ",$0.007571,"33,405,600",Low Vol,1.48%,60.06%,102.99%
TRICK,998,TrickyCoin,? ,$0.004244,?,Low Vol,1.56%,-5.83%,-8.42%
BCN,23,Bytecoin,"$251,396,366 ",$0.001372,"183,242,851,704","$2,722,740",-7.31%,7.88%,-5.07%
HBC,876,HBCoin,? ,$0.008233,?,*,"$7,082",0.00%,-35.08%
PART,64,Particl,"$76,583,548 ",$9.98,"7,670,182",*,"$1,106,560",3.90%,1.24%
NAV,146,NAV Coin,"$14,768,280 ",$0.239643,"61,626,169",*,"$315,094",1.41%,2.79%
CHESS,585,ChessCoin,"$210,656 ",$0.003899,"54,032,769",*,Low Vol,14.18%,2.31%
PEX,786,PosEx,"$16,541 ",$0.006742,"2,453,240",Low Vol,-0.87%,-9.10%,97.14%
BOB,708,Dobbscoin,"$50,864 ",$0.010051,"5,060,382",Low Vol,?,?,?
OAX,133,OpenAnx,"$17,227,421 ",$0.688842,"25,009,250",*,"$273,979",-0.88%,2.20%
OHM,454,OHM Wallet,"$171,719 ",$0.006028,"28,484,919",*,"$1,463",1.72%,-21.36%
ELC,1029,Elacoin,? ,$0.101571,?,Low Vol,1.73%,-6.85%,-3.62%
SXC,352,Sexcoin,"$1,230,232 ",$0.009923,"123,981,826","$3,950",-5.47%,-4.70%,-4.30%
NVST,223,NVO,"$5,727,135 ",$0.381809,"15,000,000",*,"$12,191",-3.66%,-9.43%
IOU,485,IOU1,"$90,420 ",$0.001149,"78,725,319",*,"$11,665",-1.30%,-11.30%
PIE,366,PIECoin,"$1,091,424 ",$0.014601,"74,749,449",*,"$14,592",1.96%,10.91%
TSTR,746,Tristar Coin,"$32,504 ",$0.006465,"5,027,857",Low Vol,1.56%,-6.88%,-0.12%
HVCO,768,High Voltage,"$23,111 ",$0.015468,"1,494,171",*,Low Vol,?,-8.62%
ION,98,ION,"$30,542,387 ",$1.97,"15,522,266",*,"$310,423",3.99%,24.64%
UIS,388,Unitus,"$718,519 ",$0.015358,"46,785,866","$121,493",0.23%,-14.98%,1.71%
RHFC,1000,RHFCoin,? ,$0.000674,?,*,Low Vol,-5.55%,-21.55%
4CHN,522,ChanCoin,"$1,359,660 ",$0.220367,"6,169,981",Low Vol,?,3.37%,?
DTF,864,Digitalfund,? ,$0.007036,?,"$23,435",2.17%,-0.14%,-19.24%
PIP,625,PipCoin,"$124,931 ",$0.017847,"6,999,979",Low Vol,1.52%,-11.27%,-16.19%
IOC,102,I/O Coin,"$28,563,120 ",$1.75,"16,356,739",*,"$538,479",-3.41%,0.37%
HKG,348,Hacker Gold,"$1,322,849 ",$0.082109,"16,110,893",*,"$26,954",1.97%,-5.57%
TROLL,557,Trollcoin,"$392,981 ",$0.000703,"558,886,726",Low Vol,1.60%,-12.99%,-23.19%
NXT,51,Nxt,"$111,243,643 ",$0.111355,"998,999,983",*,"$13,171,700",-4.96%,2.45%
BQC,682,BBQCoin,"$64,951 ",$0.001279,"50,765,854",Low Vol,?,0.02%,-6.45%
NXS,60,Nexus,"$85,963,494 ",$1.66,"51,705,810","$497,562",1.78%,-6.87%,39.46%
BOLI,466,Bolivarcoin,"$129,687 ",$0.017726,"7,316,350",$579,1.79%,-10.89%,-81.60%
REV,822,Revenu,"$4,970 ",$0.004157,"1,195,525",Low Vol,?,?,-59.32%
XAS,67,Asch,"$71,125,125 ",$0.948335,"75,000,000","$13,970,700",2.26%,19.65%,66.45%
JIN,671,Jin Coin,"$73,151 ",$0.007428,"9,848,485",Low Vol,?,0.69%,?
EVIL,651,Evil Coin,"$90,460 ",$0.004303,"21,020,383",Low Vol,1.28%,-16.77%,10.05%
XSPEC,276,Spectrecoin,"$2,893,534 ",$0.141518,"20,446,404",*,"$31,792",-16.88%,-16.02%
P7C,813,P7Coin,"$7,140 ",$0.000203,"35,220,238",Low Vol,?,-4.91%,15.30%
NXC,147,Nexium,"$14,763,801 ",$0.221940,"66,521,586",*,"$354,583",4.92%,-9.94%
BTSR,539,BTSR,"$605,250 ",$0.184320,"3,283,690",*,Low Vol,1.31%,-10.65%
WMC,637,WMCoin,"$106,068 ",$0.009201,"11,527,489",*,Low Vol,1.72%,?
CXT,493,Coinonat,"$61,581 ",$0.020889,"2,948,003","$2,548",-6.41%,6.85%,-38.41%
BIT,918,First Bitcoin,? ,$0.007972,?,Low Vol,36.30%,22.54%,-15.84%
BQX,81,Bitquence,"$45,757,087 ",$0.646731,"70,751,343",*,"$1,040,170",8.61%,-15.38%
NLC2,87,NoLimitCoin,"$39,751,531 ",$0.195583,"203,246,351",*,"$156,840",6.32%,-14.75%
OK,232,OKCash,"$5,140,363 ",$0.071061,"72,337,437",*,"$135,748",19.13%,15.53%
UBQ,78,Ubiq,"$49,144,382 ",$1.30,"37,687,987","$878,359",-2.01%,12.03%,-8.34%
2GIVE,297,2GIVE,"$2,286,476 ",$0.004442,"514,736,809","$59,296",-4.91%,-3.30%,1.58%
HNC,1034,Huncoin,? ,$0.000476,?,Low Vol,1.72%,-69.83%,-30.25%
COVAL,239,Circuits of V...,"$4,917,930 ",$0.004918,"1,000,000,000",*,"$104,315",0.57%,-1.80%
CADASTRAL,244,Bitland,"$4,671,060 ",$0.155702,"30,000,000",*,"$4,307",-0.27%,-13.67%
MAID,39,MaidSafeCoin,"$170,638,960 ",$0.377059,"452,552,412",*,"$4,343,080",-2.14%,5.68%
NTRN,343,Neutron,"$1,436,067 ",$0.047673,"30,123,461",*,"$8,224",-10.48%,-22.04%
B3,605,B3Coin,"$152,691 ",$0.253932,"601,305",Low Vol,-0.75%,52.70%,46.42%
COE,280,CoEval,"$2,694,005 ",$62.99,"42,770",*,"$155,246",5.87%,-21.32%
BTPL,699,Bitcoin Planet,"$55,374 ",$0.011008,"5,030,255",Low Vol,2.61%,-3.42%,-35.61%
SOON,731,SoonCoin,"$37,071 ",$0.002975,"12,462,620",*,Low Vol,1.73%,-11.52%
TME,444,Timereum,"$243,380 ",$0.039062,"6,230,650","$46,971",3.65%,74.14%,?
AC,520,AsiaCoin,"$3,208,393 ",$0.003361,"954,469,925",Low Vol,6.92%,13.11%,24.21%
HALLO,995,Halloween Coin,? ,$0.000139,?,Low Vol,1.72%,-33.44%,-1.31%
LKK,56,Lykke,"$96,684,195 ",$0.370121,"261,223,208",*,"$883,885",-1.29%,-5.47%
XST,274,Stealthcoin,"$2,966,010 ",$0.111169,"26,680,190","$623,730",7.04%,-3.72%,-12.23%
XSTC,992,Safe Trade Coin,? ,$0.000119,?,*,Low Vol,1.56%,39.53%
DES,764,Destiny,"$25,510 ",$0.015944,"1,600,000",Low Vol,1.56%,-12.69%,22.67%
EBST,851,eBoost,? ,$0.152416,?,*,"$64,720",3.19%,8.35%
CLOAK,120,CloakCoin,"$21,435,998 ",$4.22,"5,081,643",*,"$354,343",2.50%,-8.27%
DRM,648,Dreamcoin,"$93,716 ",$0.038273,"2,448,635",*,Low Vol,1.72%,45.47%
APW,866,AppleCoin,? ,$0.335529,?,"$16,406",1.72%,-23.27%,?
LANA,442,LanaCoin,"$248,438 ",$0.000317,"782,564,335","$1,646",1.70%,-7.36%,-0.51%
DEM,436,Deutsche eMark,"$282,806 ",$0.010175,"27,793,416","$1,481",6.49%,-8.96%,20.11%
FLO,216,FlorinCoin,"$6,149,629 ",$0.045196,"136,065,184","$96,433",0.99%,0.09%,-21.53%
MBL,1019,MobileCash,? ,$0.000238,?,Low Vol,1.56%,-6.98%,19.60%
PANGEA,527,Pangea Poker,"$1,118,195 ",$1.12,"999,352",*,Low Vol,0.18%,?
AE,863,Aeternity (Pr...,? ,$0.995483,?,*,"$25,883",-6.06%,-25.23%
HXX,679,Hexx,"$67,504 ",$0.047526,"1,420,373",*,Low Vol,30.40%,45.00%
BLOCK,75,Blocknet,"$52,357,038 ",$13.21,"3,963,170",*,"$273,904",9.01%,-5.67%
REGA,961,Regacoin,? ,$0.000436,?,Low Vol,1.73%,-6.99%,?
MNY,564,Monkey,"$339,926 ",$0.000340,"1,000,000,000",*,?,?,-0.61%
NODC,817,NodeCoin,"$6,257 ",$0.003728,"1,678,439",Low Vol,?,-6.98%,34.60%
UR,897,UR,? ,$0.001507,?,"$1,189",30.92%,27.13%,57.05%
SMC,553,SmartCoin,"$421,753 ",$0.018227,"23,138,926",Low Vol,0.07%,-11.29%,-9.61%
KLC,492,KiloCoin,"$70,068 ",$0.000357,"196,297,971","$1,383",-16.78%,-56.71%,-13.90%
PTC,306,Pesetacoin,"$2,074,804 ",$0.015933,"130,220,534","$17,568",0.31%,-4.32%,4.86%
FIRE,730,Firecoin,"$37,087 ",$0.376856,"98,412",*,Low Vol,1.73%,-40.94%
MNM,643,Mineum,"$96,914 ",$0.010270,"9,436,367",Low Vol,1.72%,-21.86%,-46.83%
AMP,123,Synereo,"$19,696,359 ",$0.239451,"82,256,324",*,"$631,695",-1.02%,2.40%
AMS,880,AmsterdamCoin,? ,$0.003629,?,"$5,689",7.45%,-0.45%,-38.15%
MNC,732,MantraCoin,"$36,887 ",$0.007932,"4,650,380",*,Low Vol,1.72%,-21.50%
MND,734,MindCoin,"$36,325 ",$0.002895,"12,546,625",Low Vol,10.83%,-0.95%,-3.42%
MNE,341,Minereum,"$1,455,421 ",$1.65,"880,669",*,"$8,709",5.42%,8.40%
SCS,815,Speedcash,"$6,750 ",$0.025779,"261,831",Low Vol,1.72%,?,-67.77%
8BIT,424,8Bit,"$332,230 ",$0.285319,"1,164,415",*,"$8,937",1.67%,-9.98%
TRI,421,Triangles,"$352,724 ",$4.84,"72,891","$1,998",2.57%,54.79%,-22.57%
PBT,233,Primalbase Token,"$5,078,800 ",$5078.80,"1,000",*,"$5,806",-3.72%,-2.34%
TRK,584,Truckcoin,"$210,913 ",$0.001549,"136,168,459",*,Low Vol,1.68%,-6.86%
300,674,300 Token,"$71,389 ",$237.96,300,*,Low Vol,1.56%,39.53%
BDL,97,Bitdeal,"$31,623,300 ",$0.105411,"300,000,000","$22,904",3.87%,-8.96%,-45.60%
TRC,346,Terracoin,"$1,394,307 ",$0.066217,"21,056,690",$926,2.58%,-22.74%,-27.15%
GXS,834,GXShares,? ,$4.87,?,*,"$17,093,800",-0.61%,-0.93%
DFT,917,DraftCoin,? ,$0.282106,?,*,Low Vol,1.72%,-24.03%
OCEAN,819,BurstOcean,"$5,711 ",$0.026959,"211,827",*,Low Vol,92.70%,47.49%
USDT,21,Tether,"$322,392,789 ",$1.01,"319,501,302",*,"$196,137,000",0.00%,1.05%
KOBO,561,Kobocoin,"$363,244 ",$0.014706,"24,700,248",*,Low Vol,-2.84%,-55.87%
ATCC,308,ATC Coin,"$2,056,025 ",$0.195329,"10,525,960","$746,021",3.35%,-7.02%,20.43%
SAK,954,Sharkcoin,? ,$0.015593,?,Low Vol,1.51%,-11.34%,-14.88%
BERN,622,BERNcash,"$129,426 ",$0.001817,"71,234,301",Low Vol,-0.43%,7.25%,-9.25%
MMXVI,977,MMXVI,? ,$0.002737,?,Low Vol,1.72%,-8.52%,16.60%
JIO,820,JIO Token,"$5,600 ",$0.002935,"1,908,128",*,Low Vol,1.56%,?
HTC,550,HitCoin,"$436,122 ",$0.000040,"10,996,318,099",**,Low Vol,1.73%,-53.49%
SLM,566,Slimcoin,"$326,954 ",$0.022012,"14,853,653",Low Vol,1.72%,-18.19%,18.39%
MYST,95,Mysterium,"$32,460,265 ",$1.67,"19,429,024",*,"$792,833",1.39%,-7.43%
420G,740,GanjaCoin,"$34,680 ",$0.035655,"972,649",Low Vol,1.72%,78.43%,15.21%
LTCR,809,Litecred,"$8,173 ",$0.000270,"30,227,750",Low Vol,-0.92%,-57.71%,-39.39%
ENRG,174,Energycoin,"$10,296,113 ",$0.084993,"121,140,862","$25,348",3.50%,3.31%,-1.25%
HIRO,758,Hirocoin,"$26,863 ",$0.000084,"319,585,993",Low Vol,?,?,-38.61%
FLVR,709,FlavorCoin,"$50,559 ",$0.002419,"20,898,106",*,Low Vol,12.83%,5.07%
COXST,1049,CoExistCoin,? ,$0.001534,?,*,Low Vol,?,?
XCO,639,X-Coin,"$104,857 ",$0.008466,"12,384,976",*,Low Vol,1.72%,-3.79%
U,707,UCoin,"$51,313 ",$0.019077,"2,689,812",*,Low Vol,1.56%,-6.59%
OP,1038,Operand,? ,$0.000899,?,*,Low Vol,?,-4.11%
VOX,168,Voxels,"$11,365,200 ",$0.054120,"210,000,000",*,"$190,740",2.83%,-3.43%
BCAP,178,BCAP,"$10,041,600 ",$1.00,"10,000,000",*,"$360,378",1.19%,-1.11%
QRZ,1047,Quartz,? ,$0.000043,?,*,Low Vol,?,0.21%
ZUR,438,Zurcoin,"$266,146 ",$0.003240,"82,153,722","$17,698",0.06%,-16.49%,-65.42%
NEO,8,NEO,"$1,993,770,000 ",$39.88,"50,000,000",*,"$246,019,000",-4.35%,-14.00%
SHND,906,StrongHands,? ,$1.5e-07,?,$674,0.17%,33.33%,2.48%
PONZI,690,PonziCoin,"$57,546 ",$0.066828,"861,099",Low Vol,6.09%,4.27%,21.30%
SKULL,899,Pirate Blocks,? ,$0.001667,?,"$1,081",1.67%,-8.52%,-39.40%
AV,848,AvatarCoin,? ,$0.164513,?,*,"$90,652",1.68%,33.11%
ACN,908,Avoncoin,? ,$0.000516,?,*,$656,3.04%,-9.44%
XCRE,661,Creatio,"$82,087 ",$0.004000,"20,520,514",*,Low Vol,1.83%,-21.49%
GAME,49,GameCredits,"$124,748,853 ",$1.95,"63,836,604","$3,501,580",0.67%,0.17%,-37.48%
ACP,728,AnarchistsPrime,"$37,911 ",$0.008626,"4,394,874",Low Vol,?,1.15%,156.70%
XNG,515,Enigma,"$5,269 ",$0.316889,"16,627","$1,941",3.80%,31.10%,129.54%
NET,378,NetCoin,"$780,561 ",$0.000992,"787,126,712","$30,391",1.14%,-13.42%,-5.30%
FLDC,213,FoldingCoin,"$6,244,191 ",$0.012133,"514,662,238",*,"$235,293",0.82%,8.20%
LVPS,516,LevoPlus,"$5,023 ",$0.009288,"540,760","$3,343",-2.18%,61.46%,-52.30%
BIOB,814,BioBar,"$7,131 ",$0.008051,"885,756",*,Low Vol,1.56%,-7.91%
SHORTY,547,Shorty,"$460,064 ",$0.004601,"100,000,000",*,Low Vol,1.72%,7.91%
TEK,462,TEKcoin,"$146,244 ",$0.000103,"1,414,054,562","$2,729",-4.90%,-26.35%,-26.47%
BITSILVER,460,bitSilver,"$154,385 ",$18.00,"8,575",*,"$10,650",-2.26%,-0.13%
MCRN,719,MACRON,"$43,872 ",$0.000109,"401,421,401",*,Low Vol,1.72%,-47.45%
BIOS,736,BiosCrypto,"$35,510 ",$0.001705,"20,821,709",*,Low Vol,1.56%,-11.11%
GPU,701,GPU Coin,"$54,026 ",$0.001335,"40,477,042",Low Vol,-9.27%,-28.98%,-29.34%
UET,484,Useless Ether...,"$91,203 ",$0.022998,"3,965,716",*,$813,3.59%,0.21%
SONG,748,SongCoin,"$29,706 ",$0.000912,"32,565,300",Low Vol,1.73%,-11.09%,-5.25%
TES,537,TeslaCoin,"$626,648 ",$0.008615,"72,735,824",Low Vol,-0.63%,-17.68%,-23.98%
XPTX,655,PlatinumBAR,"$87,812 ",$0.358720,"244,793",Low Vol,3.53%,-12.18%,-57.12%
NBE,994,BitCentavo,? ,$0.000036,?,Low Vol,1.86%,1822.63%,22.08%
ORLY,761,Orlycoin,"$26,162 ",$0.000714,"36,646,779",Low Vol,1.72%,-6.99%,39.51%
ADT,99,adToken,"$30,349,860 ",$0.050583,"600,000,000",*,"$242,351",3.45%,7.58%
CORG,680,CorgiCoin,"$65,729 ",$0.000053,"1,251,855,418",*,Low Vol,-6.73%,-48.38%
USNBT,400,NuBits,"$517,783 ",$0.988416,"523,851",*,"$195,734",0.72%,-1.23%
GML,1016,GameLeagueCoin,? ,$0.004759,?,*,Low Vol,1.72%,-3.78%
GMB,1028,Gambleo,? ,$0.000317,?,*,Low Vol,1.72%,-75.96%
RBBT,960,RabbitCoin,? ,$0.000001,?,Low Vol,-0.04%,-24.38%,-15.96%
J,603,Joincoin,"$158,283 ",$0.064647,"2,448,402",Low Vol,1.56%,-11.51%,-11.42%
ADZ,300,Adzcoin,"$2,246,822 ",$0.040501,"55,475,160","$10,045",3.22%,-5.17%,5.64%
ADX,154,AdEx,"$13,778,360 ",$0.344459,"40,000,000",*,"$3,005,520",4.95%,-6.91%
FLT,452,FlutterCoin,"$193,918 ",$0.000602,"322,214,524",$630,3.16%,-8.04%,-20.65%
HUSH,319,Hush,"$1,833,077 ",$1.67,"1,100,888","$42,302",5.39%,-3.59%,2.66%
RDD,93,ReddCoin,"$34,029,834 ",$0.001190,"28,586,409,800",*,"$5,563,850",-5.12%,46.46%
ICOB,467,ICOBID,"$129,292 ",$0.001229,"105,159,874",*,"$2,045",1.72%,0.47%
ADC,338,AudioCoin,"$1,510,353 ",$0.001842,"820,104,282","$3,887",1.73%,6.60%,8.95%
DNR,420,Denarius,"$363,838 ",$0.450607,"807,441","$15,073",2.63%,-27.71%,-33.27%
ELS,800,Elysium,"$12,707 ",$0.003173,"4,005,012",Low Vol,1.72%,202.74%,193.53%
ADL,330,Adelphoi,"$1,610,915 ",$0.068631,"23,472,224",*,"$3,672",1.39%,-20.27%
COUPE,923,Coupecoin,? ,$0.000011,?,*,Low Vol,2.86%,33.93%
MINT,254,Mintcoin,"$3,912,452 ",$0.000158,"24,817,172,072",*,"$5,289",27.63%,14.69%
AEON,188,Aeon,"$8,749,094 ",$0.597855,"14,634,140","$804,651",8.68%,19.39%,52.37%
ICOO,263,ICO OpenLedger,"$3,516,212 ",$7.55,"465,755",*,"$11,943",0.73%,7.18%
ICON,770,Iconic,"$21,633 ",$0.036488,"592,894",*,Low Vol,1.72%,-14.43%
LEA,720,LeaCoin,"$42,751 ",$0.000149,"287,814,489",Low Vol,26.34%,15.74%,7.36%
MEC,222,Megacoin,"$5,837,411 ",$0.177502,"32,886,450","$416,853",0.31%,-2.17%,-8.80%
BRX,277,Breakout Stake,"$2,809,141 ",$0.448166,"6,268,082",*,"$605,268",2.35%,-29.24%
XEL,74,Elastic,"$53,865,990 ",$0.634571,"84,885,679",*,"$1,251,810",1.02%,13.58%
XEM,7,NEM,"$2,226,726,000 ",$0.247414,"8,999,999,999",*,"$13,845,300",1.41%,2.99%
XEN,832,Xenixcoin,$167 ,$0.016578,"10,100",Low Vol,1.54%,1596.37%,167.84%
YASH,525,YashCoin,"$1,229,902 ",$0.122988,"10,000,178",*,Low Vol,1.56%,-16.57%
NAUT,289,NautilusCoin,"$2,400,724 ",$0.148376,"16,180,000",*,"$294,342",0.05%,3.07%
SMLY,530,SmileyCoin,"$911,636 ",$0.000035,"25,960,250,000",**,Low Vol,146.69%,63.47%
LEO,83,LEOcoin,"$44,138,970 ",$0.502823,"87,782,322",**,"$245,902",-0.11%,-0.42%
BRO,363,Bitradio,"$1,114,972 ",$0.200470,"5,561,790",*,"$4,628",-1.60%,-18.66%
BRK,287,Breakout,"$2,455,892 ",$0.135551,"18,117,847","$1,030,560",4.57%,-28.64%,37.35%
TALK,549,BTCtalkcoin,"$439,589 ",$0.006733,"65,290,635",Low Vol,3.26%,59.91%,63.62%
MER,334,Mercury,"$1,563,360 ",$0.015634,"100,000,000",*,"$8,414",21.84%,-6.82%
LEX,811,Lex4All,"$8,041 ",$0.008041,"1,000,000",*,Low Vol,-3.66%,189.57%
CREVA,498,CrevaCoin,"$42,705 ",$0.001174,"36,390,750",$879,8.18%,-14.49%,13.78%
WOMEN,898,WomenCoin,? ,$0.009079,?,"$1,120",1.73%,26.92%,-0.10%
WINGS,77,Wings,"$50,452,415 ",$0.562405,"89,708,333",*,"$713,431",3.18%,4.25%
BLAZR,948,BlazerCoin,? ,$0.000726,?,Low Vol,8.19%,-10.34%,9.21%
FONZ,984,Fonziecoin,? ,$0.000278,?,*,Low Vol,1.72%,-6.99%
RUBIT,929,RubleBit,? ,$0.004958,?,Low Vol,8.67%,-9.08%,8.98%
SLEVIN,794,Slevin,"$13,881 ",$0.000198,"70,000,000",*,Low Vol,1.72%,55.02%
USC,397,Ultimate Secu...,"$556,667 ",$0.053820,"10,343,113",$870,-3.54%,-12.47%,-57.74%
ONION,369,DeepOnion,"$949,344 ",$0.304141,"3,121,394","$8,293",-18.39%,-23.92%,?
SRC,635,SecureCoin,"$107,410 ",$0.013391,"8,021,001",Low Vol,1.77%,1.98%,-55.98%
NEWB,446,Newbium,"$230,495 ",$0.007683,"30,000,000",*,"$4,050",1.38%,-18.55%
RSGP,796,RSGPcoin,"$13,703 ",$7.96,"1,722",*,Low Vol,1.56%,-6.72%
IFC,195,Infinitecoin,"$8,298,691 ",$0.000092,"90,596,274,910","$1,219,040",0.13%,-3.50%,-14.61%
ARGUS,797,Argus,"$13,431 ",$0.011696,"1,148,324",Low Vol,1.56%,-15.12%,5.28%
MSP,156,Mothership,"$13,528,326 ",$0.096631,"140,000,000",*,"$242,466",4.80%,12.10%
STRB,1052,SuperTurboStake,? ,$0.000043,?,*,Low Vol,?,-0.22%
NTCC,943,Neptune Classic,? ,$0.000288,?,Low Vol,12.60%,12.48%,-40.96%
CWXT,504,CryptoWorldX ...,"$31,880 ",$0.000556,"57,385,690",*,$540,1.72%,-0.48%
DISK,988,DarkLisk,? ,$0.000714,?,Low Vol,1.72%,-1.50%,39.51%
XWC,329,WhiteCoin,"$1,614,679 ",$0.006504,"248,245,963","$92,181",3.79%,10.30%,-8.99%
OBITS,131,OBITS,"$17,564,087 ",$1.11,"15,890,500",*,"$58,201",1.66%,-6.25%
TX,310,TransferCoin,"$2,022,023 ",$0.332795,"6,075,881",*,"$716,327",4.95%,-5.12%
EAC,157,EarthCoin,"$12,842,232 ",$0.001138,"11,281,245,895","$852,040",-1.23%,-6.24%,-18.98%
42,410,42-coin,"$447,842 ",$10662.90,41.999999,"$1,034",2.23%,20.48%,26.13%
NXX,890,Nexxus,? ,$0.014026,?,*,"$1,771",1.41%,62.28%
OCT,975,OracleChain,? ,$0.181961,?,*,Low Vol,-2.26%,-1.91%
PXI,450,Prime-XI,"$203,539 ",$0.012724,"15,996,455","$1,861",1.56%,-7.84%,82.72%
DAR,252,Darcrus,"$3,952,499 ",$0.290118,"13,623,762",*,"$23,303",3.18%,-9.38%
DAS,456,DAS,"$167,241 ",$0.103357,"1,618,090","$6,433",6.03%,-33.87%,-21.81%
PXC,571,Phoenixcoin,"$276,465 ",$0.004631,"59,695,325",Low Vol,-1.92%,4.88%,-13.63%
CNT,429,Centurion,"$302,715 ",$0.011394,"26,567,204","$4,941",3.27%,-1.30%,-33.27%
CUBE,645,DigiCube,"$96,341 ",$0.000040,"2,429,126,009",*,Low Vol,1.72%,?
ICO,48,ICO,"$125,175,000 ",$1.25,"100,000,000",*,"$55,586,100",-3.33%,-6.87%
ICN,608,iCoin,"$144,283 ",$0.004997,"28,872,488",Low Vol,1.56%,-6.98%,-7.19%
ESP,219,Espers,"$5,940,209 ",$0.000291,"20,438,586,545","$24,971",-2.60%,-8.13%,11.68%
ADCN,626,Asiadigicoin,"$122,609 ",$0.004918,"24,931,054",Low Vol,1.73%,-3.89%,2.54%
DEUS,857,DeusCoin,? ,$0.412551,?,"$36,452",0.65%,-10.04%,38.89%
TRADE2,676,TradecoinV2,"$69,925 ",$0.004164,"16,791,170",Low Vol,1.72%,-6.99%,43.35%
FAZZ,911,Fazzcoin,? ,$0.006406,?,*,Low Vol,1.53%,25.13%
METAL,563,MetalCoin,"$341,703 ",$0.004442,"76,925,527",*,Low Vol,1.56%,-6.70%
ICE,364,iDice,"$1,099,308 ",$0.699745,"1,571,013",*,"$32,197",10.17%,-3.61%
START,317,Startcoin,"$1,868,719 ",$0.041454,"45,079,785",**,"$58,350",0.00%,-0.13%
AU,590,AurumCoin,"$200,928 ",$0.678317,"296,216",Low Vol,1.73%,-6.43%,-8.48%
CNC,422,CHNCoin,"$342,261 ",$0.009854,"34,733,711","$37,075",0.69%,-5.49%,-16.76%
ATOM,439,Atomic Coin,"$261,781 ",$0.022590,"11,588,567","$4,642",8.69%,-4.17%,7.43%
CNO,565,Coin(O),"$329,263 ",$0.003133,"105,088,879",Low Vol,1.72%,-12.58%,?
RYCN,976,RoyalCoin 2,? ,$0.002856,?,*,Low Vol,0.63%,?
NKA,374,IncaKoin,"$854,634 ",$0.000093,"9,188,320,236","$4,432",-23.18%,-46.85%,-40.67%
KAYI,464,Kayi,"$140,924 ",$0.000160,"879,010,000",*,$548,1.66%,-6.25%
ZCC,267,ZcCoin,"$3,248,808 ",$0.052692,"61,657,044","$702,604",1.57%,-0.48%,-26.93%
ZCL,293,ZClassic,"$2,320,833 ",$1.28,"1,809,800","$46,034",0.58%,-14.39%,-4.62%
SUPER,540,SuperCoin,"$600,690 ",$0.013731,"43,746,018",Low Vol,34.41%,0.02%,-4.84%
UNIBURST,678,UniBURST,"$67,569 ",$0.067569,"999,999",*,Low Vol,-3.58%,?
NOTE,226,DNotes,"$5,560,442 ",$0.044079,"126,147,180","$57,369",1.52%,7.41%,-31.27%
MCAP,44,MCAP,"$143,907,327 ",$2.01,"71,438,946",*,"$481,282",1.81%,-0.10%
PAC,885,Paccoin,? ,$1.2e-07,?,"$3,092",4.74%,-1.53%,-9.16%
SOAR,148,Soarcoin,"$14,428,553 ",$0.022131,"651,970,042",*,"$1,702",1.73%,12.83%
VSL,100,vSlice,"$29,471,988 ",$0.882646,"33,390,496",*,"$266,361",-0.32%,9.73%
VSM,351,VOISE,"$1,248,323 ",$1.51,"825,578",*,"$1,542",4.80%,-36.11%
INCNT,201,Incent,"$7,021,324 ",$0.152583,"46,016,425",*,"$196,058",1.32%,-9.59%
